date,code,자산총계,부채총계,자본총계,자본금,매출액,매출총이익,영업이익,당기순이익,영업활동으로인한현금흐름,투자활동으로인한현금흐름,재무활동으로인한현금흐름,FCF,EBITDA,EBIT,EV,매출총이익률,영업이익률,ROE,ROA,ROIC,부채비율,자기자본비율,이자보상배율,EPS,BPS,CPS,SPS,DPS,현금배당성향,현금배당수익률,PER,PBR,PCR,PSR,P/FCF,PEG,EV/EBITDA,EV/EBIT,EV/Sales,Open,High,Low,Close,Volume,Change,Yield,종목명,PBR_rank,PSR_rank,PCR_rank,PER_rank,PEG_rank,DIV_rank,EV_rank,rank_tot
2012-09-01,034310,790650223.44,275524669.84,515125553.6,18941150.0,500231316.97,500231316.97,61791361.45,55333552.31,80681560.5,-37336951.7,-12858002.59,36404642.39,101645734.8,62366616.13,167225007.14,100.0,12.353,12.754,9.084,14.5341,53.487,65.152,17.88851,1264.047343,10534.33887,2329.104014,14440.607754,130.0,10.89829,2.044025,5.03146,0.60374,2.7306600000000003,0.44042000000000003,6.05182,0.10107000000000001,1.64517,2.68132,0.33430000000000004,42160,42910,40560,40750,1327084,-0.021843494959193466,0.719367309831059,NICE,6.0,37.0,5.0,1.0,8.0,31.0,75.0,88.0
2012-09-01,013870,354106750.62,181484174.49,172622576.13,9536140.0,436611663.62,60458425.83,22666942.38,14071000.12,14173337.62,-23469343.47,20209267.81,-9060529.8,36764988.76,23496149.98,158837068.69,13.847,5.192,8.785,4.107,7.6408000000000005,105.134,48.749,6.15504,822.51542,8884.8009,836.79022,25777.44057,120.0,16.42799,2.294455,6.35854,0.58865,6.25007,0.20289000000000001,-9.77696,0.18548,4.32034,6.76013,0.36379,3225,3230,3180,3220,21569,-0.0015503875968991832,1.6814621409921668,지엠비코리아,4.0,9.0,33.0,9.0,19.0,25.0,76.0,99.0
2012-09-01,003030,2030350314.4,1026410571.73,1003939742.67,30000000.0,2470414332.41,332052587.52,173449900.42,99639590.48,124477682.9,-155645892.2,-13083578.03,6320476.16,204023900.42,167461269.96,957743447.58,13.441,7.021,10.047,5.029,8.0177,102.238,49.447,9.11551,16084.10752,169238.90023,20746.28048,411735.72207,1500.0,9.03685,1.454612,6.411313,0.6093200000000001,4.970543,0.250448,97.891651,0.073764,4.69427,5.71919,0.38769000000000003,1093,1098,1043,1063,1706801,-0.029223744292237397,0.3715484096469766,세아제강지주,7.0,16.0,20.0,10.0,3.0,45.0,41.0,101.0
2012-09-01,008260,142242310.84,79336906.03,62905404.8,14213425.0,105331692.22,17590762.43,11527828.48,7059418.95,22687495.22,-12487978.97,-11125290.04,18970986.23,18405099.34,11949958.02,114313033.27,16.7,10.944,11.721,4.94,7.0634,126.121,44.224,3.86797,248.33631,2212.90016,798.10092,3705.35927,50.0,20.13387,2.923977,6.88582,0.7727400000000001,2.14259,0.46149,2.56233,0.08107,6.21094,9.56598,1.08527,1750,1760,1735,1745,23580,0.0,0.121602787456446,NI스틸,24.0,39.0,2.0,14.0,6.0,17.0,84.0,102.0
2012-09-01,082640,17662727809.34,16052079938.31,1610647871.03,537861950.0,5071969609.23,,203263566.36,158049654.02,480453905.87,-1789610.31,-60842053.59,,228320566.36,203308082.8,-35355807.5,0.0,4.008,11.455,0.978,,996.623,9.119,,1459.80068,15314.69853,4466.33105,47149.36248,350.0,23.19579,3.255814,7.36402,0.70194,2.4069000000000003,0.228,,0.5980700000000001,-0.15485000000000002,-0.1739,-0.0069700000000000005,1513,1549,1491,1514,61324,-0.0026350461133070047,0.08990498812351536,동양생명,14.0,13.0,3.0,18.0,49.0,9.0,107.0,106.0
2012-09-01,034590,367353268.64,234888383.97,132464884.67,20000000.0,722342384.73,54962667.08,10028538.4,9580738.34,24692618.89,-5624981.78,-7291148.5,-679906.54,18103042.56,12276426.26,95170744.11,7.609,1.388,7.347,2.813,4.9558,177.321,36.059,13.670960000000001,2190.006185,32133.76348,5644.344546,165116.115036,1142.92141,48.8942,5.680969,9.186474,0.6260800000000001,3.564353,0.121848,-129.448902,1.012601,5.25717,7.75232,0.13175,60900,61769,60126,60223,360620,-0.0016080901856764251,7.063452967393855,인천도시가스,10.0,4.0,10.0,31.0,62.0,2.0,92.0,119.0
2012-09-01,009770,167662403.66,25636633.27,142025770.39,9999885.0,161238070.1,26343894.38,17070818.18,16863663.63,22845517.8,-24252872.64,-6238977.21,4464247.87,22382582.18,18515168.68,29880480.2,16.339,10.587,12.563,10.253,18.6184,18.051,84.709,187.84738,6745.543672,56817.07507,9138.313085,64495.975936,640.00006,9.48647,1.8713449999999998,5.07001,0.6019300000000001,3.74249,0.53027,19.151938,0.38215000000000005,1.33499,1.6138400000000002,0.18532,18223,18368,18077,18223,386637,0.0,0.294394184168013,삼정펄프,5.0,44.0,12.0,2.0,35.0,36.0,101.0,134.0
2012-09-01,058850,181146568.61,58487573.11,122658995.49,23842500.0,384172317.0,384172317.0,20701069.0,17677058.1,16503552.29,4949434.39,-9351002.18,15408822.1,22022542.0,20556366.63,20032790.72,100.0,5.388,14.837,10.057,61.2507,47.683,67.713,875.93911,385.58679,3090.81506,359.9893,8379.8883,100.0,22.45,4.366812,5.939,0.7409,6.3613,0.27327,6.81324,0.75455,0.9096500000000001,0.9745300000000001,0.052140000000000006,1530,1542,1499,1515,236149,-0.014954486345903795,0.3050130863700422,KTcs,19.0,18.0,37.0,7.0,55.0,4.0,103.0,140.0
2012-09-01,012280,105616696.96,61066542.82,44550154.14,23597333.0,172058734.45,19913465.3,10365120.58,5295394.78,12984142.54,-2874960.85,-10342429.68,9065991.26,15128921.37,9320570.11,88398786.46,11.574,6.024,13.038,4.84,9.1951,137.074,42.181,3.598,122.43999,943.96587,301.51875,3995.56102,20.0,17.90196,1.9607839999999999,8.33061,1.0805500000000001,3.38287,0.25528,4.84489,0.13903000000000001,5.84303,9.48427,0.5137700000000001,11350,11500,11200,11400,157272,0.008849557522123908,2.371541501976283,영화금속,49.0,17.0,8.0,23.0,12.0,33.0,95.0,142.0
2012-09-01,041650,233901216.07,149592493.09,84308722.97,10735725.0,286267861.64,58558859.48,18809103.01,10590703.48,16151226.0,-26169575.58,9143321.97,-14238249.3,31905069.68,20005700.46,169388265.36,20.456,6.57,11.685,4.657,7.8067,177.434,36.045,4.36674,437.12345,4182.77186,752.21869,13332.48857,130.0,26.81576,3.532609,8.41867,0.8798,4.89219,0.27602000000000004,-5.54948,0.50175,5.30913,8.467,0.5917100000000001,131500,132500,125500,125500,21437,-0.05992509363295884,57.17539863325742,상신브레이크,32.0,19.0,19.0,26.0,42.0,7.0,74.0,145.0
2013-09-01,058730,107762576.41,37030233.32,70732343.09,6487500.0,108245159.83,21427000.86,9081609.92,7553390.24,8582601.0,-12520395.54,8965989.09,-1373089.0,11262245.41,10293933.18,48570343.21,19.795,8.39,11.265,7.661,8.5889,52.353,65.637,16.08079,588.456675,5636.64203,668.638672,8432.979719,95.68601,15.87465,3.095522,5.252908,0.5484,4.622986,0.366554,-28.896366,0.039715,4.31267,4.71835,0.44871000000000005,35040,35081,34371,34372,283407,-0.013177916224053288,1.6290047393364928,다스코,2.0,18.0,13.0,2.0,1.0,6.0,69.0,42.0
2013-09-01,000320,852424598.76,449973363.62,402451235.14,8500200.5,613234215.53,145425351.97,22821705.96,35979219.52,47946363.07,-13369087.3,-34374808.45,29511291.4,41806536.96,51660945.25,418194323.26,23.714,3.722,10.198,4.2620000000000005,3.9677,111.808,47.213,1.81086,1931.92117,25640.43701,3557.80175,45504.3016,400.0,16.0138,2.4464829999999997,8.46308,0.63766,4.59553,0.35931,7.46627,0.15294000000000002,10.00308,8.09498,0.6819500000000001,21250,22000,21250,21500,25786,0.03864734299516903,1.178082191780822,노루홀딩스,9.0,17.0,12.0,18.0,8.0,15.0,32.0,79.0
2013-09-01,003030,1995560542.28,896115780.6,1099444761.68,30000000.0,2219155488.12,304691782.86,154607297.21,116649702.08,148458393.13,-104952857.9,-64306113.61,15289690.67,192189297.21,162004875.54,929632482.03,13.73,6.967,11.014,5.795,8.1537,81.506,55.095,10.9744,18906.70115,185062.9496,24743.06552,369859.24802,1500.0,7.68773,1.527095,5.195283,0.5307700000000001,3.969831,0.265577,38.545859,0.7262700000000001,4.83707,5.7383,0.41891000000000006,1164,1185,1089,1116,2660626,-0.04940374787052815,1.1082423038728897,세아제강지주,1.0,9.0,9.0,1.0,37.0,30.0,19.0,87.0
2013-09-01,083420,162058007.96,55843892.73,106214115.23,10000000.0,242992607.12,18933548.06,11720897.48,10700908.75,30409601.11,-21809948.95,-12000000.0,11443083.56,21537961.22,11289817.13,83987380.82,7.792,4.824,10.451,6.673,10.5053,52.577,65.541,24.46286,445.8712,4425.58813,1267.066717,10124.691967,125.0,28.035,3.211991,8.72823,0.87936,3.0714,0.38437000000000004,8.16214,0.33224000000000004,3.8995,7.43921,0.34564,7310,7370,7170,7290,222448,-0.004098360655737654,0.2774606074446221,그린케미칼,22.0,22.0,4.0,23.0,20.0,5.0,60.0,96.0
2013-09-01,015230,155109304.4,35213603.35,119895701.05,10000000.0,258338704.26,35596558.18,22535320.44,18058693.15,25130581.05,-24052755.64,-5204901.21,23582141.17,25215757.12,22650329.94,58575296.16,13.779,8.723,16.793,12.077,22.8833,29.37,77.298,121.58055,1258.426353,8047.21431,1759.091332,18083.202064,139.99607,11.12469,2.0381,5.458367,0.8535800000000001,3.904824,0.37985399999999997,4.161231,0.45084799999999997,2.32296,2.5860700000000003,0.22674000000000002,1118,1204,1115,1193,90525,0.06899641577060933,1.0257953568357696,대창단조,19.0,21.0,8.0,3.0,25.0,21.0,64.0,97.0
2013-09-01,012280,98358355.71,49489299.45,48869056.26,23597333.0,165535386.93,17459176.81,7075887.56,5076835.57,16343304.54,-3611483.92,-12608268.61,11787651.19,11504928.88,8525790.1,70466143.436,10.547,4.275,10.869,4.978,5.9688,101.269,49.685,4.00335,107.57223,1035.47838,346.29559,3507.50203,20.0,18.59215,2.244669,8.28281,0.8604700000000001,2.57295,0.25403000000000003,3.56733,0.7910200000000001,6.12486,8.26506,0.42568000000000006,8350,8370,8020,8040,191956,-0.037125748502993994,0.7514018691588784,영화금속,20.0,8.0,2.0,14.0,41.0,16.0,63.0,101.0
2013-09-01,100840,311675279.19,113510608.11,198164671.08,3542306.0,200750983.53,38942884.19,16804410.38,16189687.71,20128884.01,1754575.56,-1367552.4,19117970.41,18886680.38,19648211.1,57623539.71,19.399,8.371,8.488,5.357,8.9816,57.281,63.58,50.80852,2156.695207,26398.32724,2681.451828,26742.868209,283.13113,13.12801,1.791771,7.32683,0.5985900000000001,5.89298,0.5908749999999999,6.204594,0.091777,3.05101,2.93276,0.28704,6770,6890,6740,6840,33684,0.0014641288433381305,0.1255045871559633,SNT에너지,6.0,35.0,25.0,9.0,3.0,24.0,66.0,102.0
2013-09-01,000390,475571108.61,224709731.79,250861376.81,11200000.0,499092724.29,106714110.38,43477004.92,29170489.07,30422771.65,-27540674.82,1941427.61,4461394.17,51138219.17,45529444.26,297101362.36,21.382,8.711,12.328,6.48,10.1269,89.575,52.749,8.64314,1299.93549,11574.10535,1358.15945,22280.92519,300.0,22.31972,2.8571429999999998,8.07732,0.9072,7.73105,0.47126,52.71895,0.14915,5.80977,6.52548,0.59528,14400,14600,13350,13400,210969,-0.0662020905923345,1.4888888888888894,삼화페인트,24.0,27.0,33.0,12.0,7.0,8.5,41.0,111.5
2013-09-01,014440,168014019.76,70916503.54,97097516.22,10000000.0,163838811.25,35223383.22,12172337.03,8460211.15,14355425.94,-8546907.29,-2194380.39,3557588.27,17707637.03,12340672.48,102570569.59,21.499,7.429,9.193,5.31,7.4039,73.036,57.791,8.42551,421.50448,4891.20258,717.7713,8191.94056,100.0,23.13143,2.751032,8.62387,0.7431700000000001,5.06429,0.44373,20.43519,0.6376700000000001,5.7924500000000005,8.31158,0.62604,7110,7190,6910,7090,79943,-0.01115760111576014,1.3504761904761906,영보화학,16.0,25.0,20.0,20.0,33.0,10.0,58.0,124.0
2013-09-01,003690,7619993084.66,6169053892.94,1450939191.71,59058390.5,5940631407.25,,164570439.09,123867971.0,640762786.22,-706883177.74,-28234334.67,,166226439.09,162714870.33,488361591.08,0.0,2.77,8.651,1.659,,425.177,19.041,,1029.067716,12631.2347,5323.315559,49353.452301,171.72542,15.91044,1.499785,11.126579,0.9064800000000001,2.150918,0.23200099999999999,,0.707927,2.93793,3.00133,0.08221,1830,1835,1800,1820,100045,-0.005464480874316946,0.7165354330708661,코리안리,23.0,4.0,1.0,37.0,36.0,31.0,29.0,132.0
2014-09-01,008500,63996008.41,12007607.3,51988401.11,6000000.0,78642676.03,12626027.37,5139190.0,3018831.08,10552470.89,-438068.66,-9799947.5,10120814.61,7341604.13,4342751.2,21543477.33,16.055,6.535,5.873,4.499,8.8007,23.097,81.237,22.02541,2515.69257,43323.66759,8793.72574,65535.56336,1250.0,49.68811,5.694761,8.72523,0.50665,2.4961,0.33493,2.60256,0.23579000000000003,2.93444,4.96079,0.27394,4870,4970,4835,4835,889100,-0.007186858316221789,3.7335907335907335,일정실업,1.0,26.0,3.0,25.0,25.0,2.0,130.0,82.0
2014-09-01,002140,156033056.39,79915240.94,76117815.45,24939425.0,185090599.66,28159910.59,10687543.32,9047448.64,16939311.06,-12495658.69,-4242770.13,14240268.63,11854333.9,11495427.47,86851860.63,15.214,5.774,12.738,5.944,11.6554,104.989,48.783,7.33173,362.69599,3133.71372,679.21819,7421.60654,45.0,12.00909,2.319588,5.34883,0.61907,2.85623,0.2614,3.39758,0.19465000000000002,7.32659,7.55534,0.46924000000000005,2170,2175,2095,2100,53581,-0.032258064516129004,0.834990059642147,고려산업,7.0,18.0,6.0,2.0,19.0,33.0,110.0,85.0
2014-09-01,002460,524203233.26,258282872.55,265920360.71,62254000.0,420675409.74,35987869.54,15211514.61,23652904.94,36693782.88,-3209832.53,2965730.0,34772194.68,18036310.61,21294955.96,37602638.1,8.555,3.616,9.393,5.013,31.9877,97.128,50.728,43.03505,1899.70965,21958.44785,2947.10243,33787.01848,400.0,20.47979,3.319502,6.34307,0.54876,4.08876,0.35665,4.31472,0.20196000000000003,2.08483,1.7658,0.08939000000000001,18600,19400,18600,19250,83146,0.037735849056603765,1.5587044534412948,화성산업,3.0,28.0,23.0,8.0,20.0,7.0,124.0,89.0
2014-09-01,084670,224095137.7,100284893.02,123810244.69,13260000.0,136283087.59,28986769.35,20506844.87,11685376.7,20289584.19,-7284440.27,-5334512.44,10433565.17,26833080.87,19500640.62,134801495.01,21.27,15.047,9.837,5.325,19.0276,80.999,55.249,6.00555,3379.344951,35630.34486,5850.697079,39298.54132,955.91219,28.28203,3.61419,7.8266279999999995,0.74231,4.520638,0.6730269999999999,8.791031,0.050482,5.0237,6.91267,0.9891300000000001,7860,8070,7860,8030,617064,0.010062893081761004,1.0388098318240626,동양고속,19.0,65.0,26.0,15.0,3.0,6.0,97.0,134.0
2014-09-01,145990,1081397671.14,505985291.4,575412379.74,31506495.0,1355143873.0,198758037.13,37238635.31,30475104.2,60386564.41,-48203219.8,42059127.35,30181823.11,56885635.31,40629592.13,524686673.73,14.667,2.748,6.058,3.273,5.9999,87.934,53.21,24.07152,5779.37233,96498.00279,11451.85385,256992.75547,1500.0,29.37076,2.431118,10.6759,0.63939,5.38777,0.24008000000000002,10.77964,0.15117,9.22354,12.9139,0.38718,42345,43118,41572,41727,176415,-0.010997606124528936,1.5168490312261442,삼양사,9.0,14.0,35.0,41.0,12.0,25.0,60.0,136.0
2014-09-01,004800,13662073774.0,10766805036.0,2895268738.0,175587275.0,12177134355.0,1611526054.0,600346262.0,291989965.0,906794396.0,-469457590.0,-379757763.0,130003929.0,1121189262.0,668178072.0,9738376459.0,13.234,4.93,9.988,2.143,5.111,371.876,21.192,2.90415,7666.5415,83924.14743,25821.75719,346754.46598,2000.0,24.71394,2.472006,10.553118,0.9640400000000001,3.133249,0.23332599999999998,21.854816,0.12499,8.68576,14.57452,0.79973,11350,11450,10350,10400,344266,-0.08370044052863435,0.8349389852280025,효성,46.0,11.0,10.0,40.0,9.0,23.0,12.0,139.0
2014-09-01,034590,378149471.28,221676451.19,156473020.09,21873770.0,799267003.86,59822608.29,11095874.22,23420735.37,11539250.47,28069246.8,-5105017.85,-1576517.18,20950085.01,26655232.3,119876606.79,7.485,1.388,15.87,6.385,5.1254,141.671,41.379,16.40635,5353.61197,37960.47017,2637.69128,182699.87384,1250.0,21.99973,3.787879,6.16406,0.86933,12.51094,0.18062,-91.5733,0.21938000000000002,5.72201,4.4973,0.14998,99240,100342,95134,95335,137711,-0.03934905280128975,0.9036492890995258,인천도시가스,36.0,3.0,84.0,6.0,22.0,5.0,102.0,156.0
2014-09-01,010690,927526528.22,549906136.93,377620391.29,17460205.0,1313606242.76,132540489.08,41151814.56,43899943.17,69993489.67,-92248724.33,90071238.31,-17381191.12,88345330.88,28086569.61,406091179.07,10.09,3.133,12.412,5.1370000000000005,13.6214,145.624,40.713,4.46627,1259.34916,10824.74276,2004.37193,37617.14833,100.0,7.89613,1.373626,5.78076,0.6725300000000001,3.63206,0.19353,-14.62619,0.7000400000000001,4.59663,14.45855,0.30914,3305,3325,3185,3225,750406,-0.00462962962962965,0.06995661605206076,화신,11.0,6.0,19.0,3.0,65.0,56.0,64.0,160.0
2014-09-01,013700,129647728.96,93950381.56,35697347.4,22576140.0,123567918.14,8175047.44,2849967.46,2285412.48,12949302.52,55871468.68,-67275154.94,12218214.54,3223565.46,9325180.39,56677170.97,6.616,2.306,6.585,1.538,20.5062,263.186,27.534,0.40058000000000005,50.615661,790.599,286.791775,2736.692768,15.0,14.62454,2.354788,12.58504,0.8057200000000001,2.22112,0.23276000000000002,2.35403,0.47661000000000003,17.58214,6.07786,0.45867,1010,1030,997,999,1777897,-0.005970149253731294,0.09249999999999996,까뮤이앤씨,29.0,10.0,1.0,55.0,49.0,29.0,120.0,173.0
2014-09-01,015760,163708289000.0,108883279000.0,54825010000.0,3209820000.0,57474883000.0,7711931000.0,5787565000.0,2798967000.0,12045692000.0,-14460333000.0,1985176000.0,-2501807000.0,13661024000.0,6389474000.0,89108964087.9,13.418,10.07,5.174,1.7530000000000001,3.1793,198.601,33.489,2.46109,4185.39463,83495.84178,18763.81005,89529.7495,500.0,11.9463,1.17096,10.20214,0.5114000000000001,2.2756600000000002,0.47694000000000003,-10.95683,0.24947000000000003,6.52286,13.94621,1.5504,43503,43891,42824,43164,368949,-0.015487078895148554,0.10823768960528,한국전력,2.0,47.0,2.0,38.0,28.0,62.0,2.0,179.0
2015-09-01,104700,896577601.07,167761254.5,728816346.57,46050000.0,684536729.31,102663470.64,65128918.75,53619386.85,104742639.51,-88364057.24,-21451126.38,73954080.31,90155378.75,64060846.53,166295548.37,14.998,9.514,7.554,5.963,11.4258,23.018,81.289,884.49519,1164.373222,15832.0869,2274.541574,14865.075556,180.0,15.45363,2.224969,6.94794,0.51099,3.55676,0.54423,5.03751,0.16304000000000002,1.84454,2.5959,0.24293,26250,26250,25650,26100,174044,0.0,4.513228428151478,한국철강,1.0,51.0,16.0,15.0,18.0,30.0,122.0,131.0
2015-09-01,034220,22577160000.0,9872204000.0,12704956000.0,1789079000.0,28383884000.0,4314312000.0,1625566000.0,1023456000.0,2726577000.0,-2731929000.0,-174498000.0,361589000.0,5001422000.0,1504500000.0,10484049435.0,15.2,5.727,8.183,4.494,9.499,77.704,56.273,12.73975,2701.25934,34076.06765,7620.05971,79325.42926,500.0,18.50989,2.03666,9.08835,0.72045,3.22176,0.30948000000000003,24.29381,0.1499,2.09621,6.96846,0.36937000000000003,210500,210500,205500,209500,91738,-0.011792452830188704,23.460246360582307,LG디스플레이,22.0,17.0,12.0,31.0,16.0,34.0,15.0,132.0
2015-09-01,161000,332693320.09,127135998.83,205557321.26,16020000.0,912104905.72,78613251.14,32296467.11,27951614.33,72863003.79,-4520340.63,-67290742.31,68924226.76,40516308.11,36533965.78,189419285.3,8.619,3.541,14.428,7.655,13.6613,61.849,61.786,14.12084,884.275637,6516.36361,2274.126211,28467.693687,190.0,21.47589,3.479853,6.17455,0.83789,2.40092,0.1918,2.5381299999999998,0.7125600000000001,4.67514,5.18474,0.20767000000000002,37400,38450,37400,38350,33793,0.015894039735099286,0.9456060755498571,애경케미칼,37.0,8.0,4.0,12.0,71.0,9.0,116.0,141.0
2015-09-01,025530,260302124.0,44067198.0,216234926.0,7467004.0,185141914.0,56145181.0,23545362.0,24782539.0,27165813.0,-18561363.0,3322833.0,18343400.0,28229651.0,31706911.0,33787956.48,30.325,12.717,8.896,9.915,13.157,20.379,83.071,124.5042,747.46833,9455.35442,1819.05708,12397.33593,200.0,24.28085,3.442341,7.7729,0.6144700000000001,3.19396,0.46865,4.73013,0.5710000000000001,1.1969,1.06563,0.1825,1715,1765,1710,1765,598770,0.023188405797101463,0.17303921568627448,SJM홀딩스,9.0,42.0,10.0,19.0,60.0,11.0,158.0,151.0
2015-09-01,084670,240378400.34,108962749.83,131415650.5,13260000.0,135760743.8,25234854.13,14763064.12,15789173.35,18947043.33,-10341431.49,-4441032.22,5521598.76,22150051.12,21449897.86,135709384.39,18.588,10.874,12.426,6.799,10.4462,82.915,54.67,5.39378,4558.98649,37757.65499,5463.562485,39147.918451,1338.27706,29.34964,4.8756129999999995,6.02072,0.72696,5.023903,0.701148,17.239219,0.189086,6.12682,6.32681,0.9996200000000001,4295,4325,4235,4325,225296,0.011695906432748648,0.5386052303860522,동양고속,23.0,71.0,43.0,9.0,19.0,2.0,132.0,167.0
2015-09-01,041650,334387253.99,195048306.57,139338947.43,10735725.0,363028517.58,90392973.09,35961051.97,27384277.52,38711360.66,-37790118.57,2741336.38,1538503.53,53572949.41,38390653.57,275374168.85,24.9,9.906,21.303,8.616,9.9061,139.981,41.67,9.22883,1220.45885,6992.63505,1802.92252,16907.49892,170.0,12.55963,2.306649,6.03871,1.05397,4.08781,0.4359,102.85617,0.14796,5.14017,7.17295,0.7585500000000001,2598,2748,2562,2678,689213,0.016704631738800213,0.0320718562874252,상신브레이크,58.0,34.0,28.0,11.0,15.0,29.0,94.0,175.0
2015-09-01,000370,11803377681.0,10942467553.0,860910129.0,453694575.0,5747085152.0,,119130010.0,95766792.0,331594136.0,-344241333.0,-30000000.0,,144970790.0,117056560.0,670689188.0,0.0,2.073,13.155,0.865,,1271.035,7.294,,1045.726244,9400.71192,3620.844801,62755.341967,69.3577,6.63249,0.9084829999999999,7.300624,0.8121100000000001,2.108476,0.121652,,0.378689,4.62637,5.72962,0.11670000000000001,6430,6528,6293,6333,174541,0.007797581158497824,0.9283201407211958,한화손해보험,33.0,2.0,1.0,16.0,43.0,87.0,65.0,182.0
2015-09-01,002150,313422593.42,83500587.33,229922006.09,16860000.0,275048203.92,275048203.92,4538730.51,17789816.58,13833864.25,48380226.73,-57761588.61,12174437.85,8398215.5,24831429.88,116034783.89,100.0,1.65,8.017,5.499,1.3521,36.317,73.358,9.06904,527.57463,6951.65816,410.25695,8156.82693,150.0,27.88765,3.496503,8.13155,0.61712,10.45686,0.5259400000000001,11.88217,0.13719,13.8166,4.6729,0.42187,4800,4980,4590,4855,38391,0.005175983436852993,1.1614832535885167,도화엔지니어링,10.0,47.0,84.0,22.0,13.0,8.0,135.0,184.0
2015-09-01,032640,11950998000.0,7502595000.0,4448403000.0,2573969000.0,10795218000.0,10795218000.0,632331000.0,351232000.0,1792908000.0,-1510693000.0,-406050000.0,417483000.0,2241274000.0,616539000.0,8802630154.4,100.0,5.858,8.149,2.931,5.9706,168.658,37.222,3.36439,804.93783,10187.43997,4106.41628,24725.00481,250.0,31.0583,2.403846,12.92025,1.02086,2.53262,0.42063000000000006,10.87651,0.12329000000000001,3.92751,14.27749,0.81542,1847,1893,1828,1875,192018,0.015159718462371519,0.20447110141766633,LG유플러스,54.0,31.0,7.0,54.0,11.0,27.0,18.0,184.0
2015-09-01,006650,1529064057.91,493476468.95,1035587588.96,41000000.0,1726962269.43,326285375.14,271184229.54,200789062.35,323715431.25,-113841169.25,-135891412.2,239356131.25,335184592.54,277082766.04,1243987742.7,18.894,15.703,21.495,13.523,17.687,47.652,67.727,24.61681,30845.67199,166666.18762,49802.37404,265686.50299,3000.0,9.24119,1.744186,5.57615,1.032,3.45365,0.6473800000000001,4.67086,0.034190000000000005,3.71135,4.48959,0.72033,196000,203500,194500,203000,72144,0.038363171355498826,20.546558704453442,대한유화,56.0,61.0,15.0,5.0,3.0,46.0,48.0,186.0
2016-09-01,004960,1553395800.37,1285281487.06,268114313.31,50850135.0,1772255006.24,131234562.96,69689443.9,26669687.77,73702147.82,-42707433.08,16264024.43,72843755.73,70390377.26,36950476.08,155563039.6,7.405,3.932,10.795,1.73,,479.378,17.26,3.47201,2651.55163,25847.10124,7370.28333,177227.14884,250.0,9.58911,1.572327,5.99649,0.61516,2.15731,0.08972000000000001,2.18273,0.04603,2.21,4.21004,0.08778000000000001,17300,18000,17300,17950,45150,0.043604651162790775,1.0112676056338028,한신공영,15.0,3.0,2.0,9.0,5.0,62.0,146.0,96.0
2016-09-01,010960,245439371.41,97620378.02,147818993.39,12500000.0,274457790.7,31020669.96,22177554.99,16001320.57,16768174.16,-34847339.2,7226500.0,14992194.85,23979789.99,18000055.59,13223100.57,11.303,8.08,11.817,6.666,152.0484,66.04,60.226,115.95622,642.48362,5898.39985,670.72697,10978.31163,130.0,20.23398,3.714286,5.44761,0.59338,5.21822,0.31881000000000004,5.8363700000000005,0.1226,0.5514300000000001,0.7346100000000001,0.04818,185000,185000,175000,178000,390118,-0.035230352303523005,2.1787025703794365,삼호개발,13.0,30.0,53.0,4.0,21.0,6.0,182.0,127.0
2016-09-01,058430,405761030.16,200802882.28,204958147.88,30000000.0,798007442.12,103314488.8,41064089.0,31409663.77,40694059.26,19313032.88,-65496956.78,32484730.52,57553972.19,42624861.17,250108216.27,12.947,5.146,16.391,7.499,14.8157,97.973,50.512,11.59102,5185.7362,34051.34305,6782.34321,133001.24035,1000.0,19.28367,3.367003,5.72725,0.87221,4.37902,0.22331,5.48565,0.0572,4.34563,5.86766,0.31341,3105,3125,3075,3100,98711,0.0,0.04015544041450778,포스코강판,55.0,15.0,37.0,5.0,7.0,13.5,117.0,132.5
2016-09-01,102260,872052701.03,431405478.42,440647222.61,45444970.0,852912857.95,155785905.96,65039523.53,52979286.18,78305380.43,-49732325.46,-17773913.28,49163988.19,86189863.09,75885203.15,416090658.55,18.265,7.626,13.345,6.331,8.862,97.903,50.53,10.74654,824.49138,6743.55289,1723.08135,18768.03655,200.0,23.37098,3.225806,7.51979,0.9194,3.59821,0.33035000000000003,5.731,0.03184,4.82761,5.48316,0.48784000000000005,25000,25250,24400,24500,146856,-0.0239043824701195,0.5910450641706069,동성케미컬,64.0,34.0,27.0,26.0,2.0,16.0,97.0,169.0
2016-09-01,009830,13817913129.3,8349586420.37,5468326708.93,829665480.0,9258832683.95,2047614274.24,779218090.58,770943675.55,1151003611.39,-460096345.42,-318230949.43,536248646.63,1224506078.58,1040513719.84,7715028847.1,22.115,8.416,15.23,5.572,10.042300000000001,152.69,39.574,4.49659,4395.300175,30978.03918,6698.39538,53882.821464,336.97856,7.61836,1.407475,5.4472000000000005,0.7728700000000001,3.5743,0.44433599999999995,7.6718720000000005,0.016729,6.30052,7.41463,0.8332600000000001,34556,34556,33780,34314,788274,0.0014300306435137689,1.43609274294802,한화솔루션,38.0,54.0,26.0,3.0,1.0,74.0,26.0,196.0
2016-09-01,096770,32581330983.0,14276285724.0,18305045259.0,468569950.0,39520538747.0,4958790276.0,3228337172.0,1721434289.0,3677753976.0,-2056093585.0,-2018612047.0,3070780020.0,4142697172.0,2590912315.0,14555946810.4,12.547,8.169,10.132,5.384,13.5204,77.991,56.183,12.75856,17834.45913,183524.97324,39244.4498,421714.39661,6400.0,35.68964,4.368601,8.21443,0.7982600000000001,3.73301,0.34739000000000003,4.47088,0.25828,3.51364,5.61808,0.36831,2870,2915,2865,2890,69293,0.006968641114982521,0.13568075117370895,SK이노베이션,41.0,38.0,28.0,41.0,45.0,4.0,9.0,197.0
2016-09-01,088790,149339657.69,53766901.42,95572756.27,6231827.0,122963036.95,54521298.93,10936811.2,8308762.37,10921746.19,-109916.14,-9902009.75,10618709.17,11700326.3,11717951.39,95664542.33,44.34,8.894,9.005,5.536,8.6726,56.258,63.997,9.61863,666.63936,7668.48609,876.28766,9865.72934,200.0,30.00163,3.663004,8.19034,0.712,6.23083,0.5534300000000001,6.40865,0.037610000000000005,8.17623,8.16393,0.7779900000000001,9150,9370,9070,9330,89861,0.018558951965065518,1.1849123698247397,진도,30.0,68.0,66.0,39.0,3.0,8.0,164.0,214.0
2016-09-01,017370,252476645.62,130834935.06,121641710.56,9137614.0,264306663.49,33689472.48,11544516.79,9214580.82,18814102.57,-5290495.99,-1689826.22,7990446.26,18706653.36,12842325.65,102406898.52,12.746,4.368,8.163,3.617,6.2271,107.558,48.179,5.76923,548.21836,7139.54147,1104.40793,15515.08359,30.0,5.40658,0.796813,6.8677,0.52734,3.40907,0.24267000000000002,8.0269,0.28192,5.47436,7.97417,0.38745,255000,256000,249500,252000,108993,-0.00591715976331364,1.163972286374134,우신시스템,2.0,17.0,23.0,17.0,50.0,117.0,161.0,226.0
2016-09-01,000430,1288363972.01,734192576.11,554171395.9,31000000.0,1076116262.24,135692150.33,59687893.45,46141123.59,90552534.89,-87461744.27,20008220.5,2168810.0,108779685.45,68658883.69,590716746.78,12.609,5.547,8.837,3.773,5.933,132.485,43.014,4.86084,618.93013,7242.83104,1460.52476,17356.71391,125.0,20.19614,2.790179,7.2383,0.6185400000000001,3.06739,0.25811,128.07023,1.06893,5.43039,8.60365,0.54893,4105,4125,3970,3990,55399,-0.028014616321559105,0.7307692307692307,대원강업,17.0,21.0,18.0,21.0,125.0,25.0,81.0,227.0
2016-09-01,014280,710805610.21,406007182.55,304798427.67,24869695.0,603160425.9,133767359.66,56328743.43,35763918.37,46574668.65,-25721848.41,-17168211.49,26953129.67,118876778.64,57415467.37,439837020.33,22.178,9.339,12.693,5.149,8.7201,133.205,42.881,6.3036,1232.66231,11473.84683,1872.747882,24252.827624,100.0,7.31476,1.278772,6.34399,0.6815500000000001,4.17568,0.32244,7.21553,0.25812,3.69994,7.6606000000000005,0.7292200000000001,2720,2755,2695,2695,63804,-0.007366482504604033,1.0037243947858474,금강공업,27.0,32.0,34.0,13.0,44.0,83.0,92.0,233.0
2017-09-01,009580,1102417265.9,539196324.01,563220941.9,155920810.0,607920397.43,94797364.12,44729537.24,36478140.19,105131847.63,-30941683.61,-46269872.23,79162050.92,93856948.24,59756248.55,584968052.73,15.594,7.358,6.652,3.32,3.9458,95.734,51.09,3.88191,585.03322,9029.20703,1685.66094,9747.26205,150.0,25.6377,3.307607,7.7517,0.50226,2.69034,0.46526000000000006,3.57293,0.09802000000000001,6.23255,9.78923,0.9622400000000001,8060,8350,7750,8310,215257,0.03101736972704705,1.8466666666666662,무림P&P,1.0,60.0,12.0,29.0,15.0,18.0,86.0,135.0
2017-09-01,078930,22003689000.0,12341065000.0,9662624000.0,473501000.0,15580063000.0,3654347000.0,2040801000.0,1091904000.0,1306478000.0,-1418200000.0,334510000.0,188481000.0,2040801000.0,2096717000.0,13966886895.0,23.455,13.099,13.423,5.157,12.185,127.72,43.914,8.00908,10413.82128,81649.74954,13795.93649,164519.84623,1800.0,17.28918,2.893891,5.97283,0.7617900000000001,4.50857,0.37807,31.25171,0.08633,6.84382,6.66131,0.89646,22400,22900,22100,22350,70317,0.0,2.6481042654028437,GS,38.0,42.0,30.0,9.0,13.0,29.0,15.0,161.0
2017-09-01,086790,360089349000.0,335261405000.0,24827944000.0,1480015000.0,39171133000.0,6757209000.0,2718137000.0,2116622000.0,6011925000.0,-10252983000.0,4091844000.0,,3253541000.0,2798665000.0,60785792487.6,17.25,6.939,8.787,0.598,,1350.339,6.895,,6881.14166,80653.52716,20310.34733,132333.53985,1550.0,22.52533,3.11245,7.23717,0.61746,2.45195,0.37632000000000004,,0.25295,18.68296,21.71957,1.5518,5170,5290,5170,5240,1062845,0.013539651837524147,0.7820895522388062,하나금융지주,15.0,41.0,6.0,23.0,54.0,23.0,3.0,162.0
2017-09-01,009460,150932867.6,80692885.24,70239982.36,29833743.0,200923605.56,37073806.03,17510597.56,11823343.78,18315609.07,-8467366.12,-10409506.54,10130816.33,24475022.56,16656652.87,86144386.99,18.452,8.715,18.338,7.79,12.7153,114.882,46.537,8.66278,198.15388,1177.19024,306.9613,3367.38849,20.0,10.09317,1.980198,5.09705,0.8579800000000001,3.29032,0.29994000000000004,5.9486,0.07141,3.51968,5.17177,0.42874,978,999,973,993,377414,0.020554984583761593,0.8905829596412556,한창제지,56.0,29.0,16.0,2.0,8.0,56.5,155.0,167.5
2017-09-01,090350,591817508.59,292787685.08,299029823.5,10231563.0,551409798.47,131203755.23,27753419.47,29444478.7,33336696.04,-17234474.11,-26334850.0,21244107.2,40165965.47,44739237.13,285867938.12,23.794,5.033,10.233,5.066,5.737,97.913,50.527,5.48794,1438.90424,14613.10572,1629.11063,26946.50849,250.0,17.3822,2.880184,6.03237,0.59399,5.32806,0.32212,8.3609,0.24872000000000002,7.11717,6.38965,0.5184300000000001,2077,2160,2075,2118,1219802,0.023188405797101463,0.02962237762237763,노루페인트,11.0,34.0,36.0,10.0,53.0,30.0,117.0,174.0
2017-09-01,013700,139937929.64,80831808.24,59106121.39,22576140.0,172176859.86,18852324.46,10091337.76,8436815.27,8151089.13,6319430.06,-9120397.41,6897084.6,10974208.76,10178809.86,64921564.11,10.949,5.861,15.309,5.964,26.1166,136.757,42.237,4.8451900000000006,186.852475,1333.85421,180.524419,3813.248409,20.0,10.5045,1.980198,5.40533,0.7572,5.59481,0.26487,6.61204,0.09909000000000001,5.91583,6.37811,0.37706,7180,7180,7080,7120,34181,0.0014064697609001975,1.468041237113402,까뮤이앤씨,37.0,24.0,40.0,6.0,17.0,56.5,165.0,180.5
2017-09-01,012800,563388103.5,368898736.26,194489367.24,45571319.5,983291022.24,72014568.68,40620080.63,14271365.31,10763001.93,-3569388.39,-6328996.56,8432627.93,52936579.63,29348416.76,390745932.995,7.324,4.131,8.26,2.527,7.1778,189.676,34.521,3.02837,139.69863,2093.34359,118.08965,10788.48531,25.0,15.10068,2.369668,7.55197,0.5039800000000001,8.93389,0.09779,11.40279,0.11962,7.3814,13.31404,0.39738,3250,3320,3220,3280,183108,0.012345679012345734,3.319838056680161,대창,2.0,4.0,86.0,26.0,26.0,42.0,108.0,186.0
2017-09-01,000430,1166363519.61,607617597.13,558745922.48,31000000.0,1028166497.79,113741276.72,38152597.08,26231366.02,93341702.62,-33118283.79,-81722495.72,45477856.7,92256889.08,41221525.81,465250072.86,11.063,3.711,4.802,2.137,3.2382,108.747,47.905,3.07101,350.94909,7374.02024,1505.51133,16583.33061,115.0,32.76829,3.074866,10.65682,0.50719,2.48421,0.22553,5.09875,0.51825,5.04298,11.28658,0.4525,4120,4175,4065,4170,22842,0.01090909090909098,1.0451127819548869,대원강업,3.0,15.0,7.0,60.0,83.0,25.0,98.0,193.0
2017-09-01,058430,427450400.35,213381721.29,214068679.07,30000000.0,912059767.98,84764688.54,24391811.0,17527987.7,26955227.81,-28394360.95,210008.0,583338.17,41171150.77,25020360.49,248722928.51,9.294,2.674,8.604,4.207,7.8223,99.679,50.08,8.93996,2998.8152,35655.29388,4492.53797,152009.96133,750.0,25.00988,2.631579,9.50375,0.79932,6.34385,0.18749000000000002,293.14043,0.08093,6.04119,9.94082,0.2727,8110,8310,8040,8140,79608,0.0036991368680641123,2.6258064516129034,포스코강판,45.0,12.0,48.0,49.0,12.0,35.0,122.0,201.0
2017-09-01,024110,274069731000.0,254267993000.0,19801738000.0,3289756000.0,16783992000.0,4216850000.0,2028323000.0,1508528000.0,3198475000.0,-7772593000.0,4424042000.0,,2203569000.0,1953626000.0,127456896506.75,25.124,12.085,7.976,0.5680000000000001,,1284.069,7.225,,2282.01445,29937.44213,4861.26527,25509.48103,617.0,27.03751,3.75076,7.20854,0.5494800000000001,3.38389,0.6448600000000001,,0.5510700000000001,57.841120000000004,65.2412,7.59396,2115,2165,2110,2120,63989,-0.009345794392523366,0.029281767955801116,기업은행,6.0,84.0,18.0,22.0,88.0,9.0,2.0,227.0
2018-09-01,002870,167283570.85,115054715.47,52228855.39,17479350.0,154107822.16,24776230.95,12159066.47,8661346.45,13997698.26,8591779.21,-2877549.37,13290662.12,19191144.47,8805742.59,12399590.31,16.077,7.89,18.044,5.4,,220.29,31.222,30.29791,249.83538,1894.86748,400.40672,4408.28241,80.0,25.37818,6.130268,5.22344,0.6887,3.2591900000000003,0.29603,3.43257,0.1384,0.6461100000000001,1.40812,0.08046,1210,1270,1195,1245,68161,0.024691358024691468,0.8300000000000001,신풍제지,23.0,18.0,11.0,2.0,21.0,1.0,128.0,76.0
2018-09-01,078930,22630978000.0,12105993000.0,10524985000.0,473501000.0,17744385000.0,4093773000.0,2209837000.0,1030460000.0,1269197000.0,-835889000.0,-515034000.0,537889000.0,2209837000.0,2189450000.0,12462589034.3,23.071,12.454,11.136,4.617,9.3676,115.021,46.507,7.67464,9537.44514,89679.54227,13402.26258,187374.30597,1900.0,19.92606,3.682171,5.4102500000000004,0.57538,3.8501000000000003,0.27538,9.08464,0.24123000000000003,5.6396,5.69211,0.7023400000000001,30886,31203,30387,30569,80943,-0.010263549828401164,1.298046709129512,GS,7.0,12.0,18.0,3.0,35.0,12.0,10.0,87.0
2018-09-01,009580,1355957771.09,721595900.13,634361870.96,155920810.0,651176103.92,144699260.46,102242203.83,69774869.43,102202342.02,-68699805.41,-29244175.5,78108176.6,151817628.83,103786343.57,706269155.14,22.221,15.701,11.829,5.677,8.5477,113.751,46.783,9.16496,1118.89205,9889.82646,1638.68989,10440.81454,250.0,22.3419,4.125413,5.41607,0.61275,3.69808,0.5804100000000001,4.83883,0.06622,4.65209,6.80503,1.0846,4310,4380,4245,4300,144759,-0.010356731875719172,0.39631336405529966,무림P&P,11.0,59.0,15.0,4.0,10.0,9.0,57.0,108.0
2018-09-01,006360,12033275312.73,8408589418.66,3624685894.07,397178985.0,13139372923.26,1627565375.1,1064489177.09,587434395.16,1032946850.4,-234761909.77,-1655622393.69,1019250588.17,1118050177.09,919032005.71,3738190946.18,12.387,8.102,17.335,4.566,32.1661,231.981,30.122,7.8826,7712.81367,45064.36918,13686.55703,174096.83451,1000.0,13.52747,2.285714,5.67238,0.9708300000000001,3.19657,0.2513,3.23952,0.032240000000000005,3.34349,4.06753,0.28450000000000003,33450,34050,33000,33250,317212,-0.019174041297935096,0.6934306569343066,GS건설,60.0,10.0,10.0,7.0,2.0,40.0,29.0,129.0
2018-09-01,092780,317620788.34,222102797.6,95517990.74,6584230.0,332214344.58,43051188.98,17444629.57,11742226.42,18558775.27,-23409283.46,4416105.28,-6608952.24,31071060.57,19660227.98,184575478.77,12.959,5.251,12.877,3.811,5.7403,232.525,30.073,3.08616,872.65681,7246.27148,1409.33528,25228.03309,120.0,13.50682,2.456499,5.59785,0.6741400000000001,3.46617,0.19363000000000002,-9.73345,0.6199600000000001,5.94043,9.38827,0.55559,339,346,301,306,34636801,-0.08108108108108103,0.08831168831168834,동양피스톤,19.0,5.0,12.0,5.0,68.0,35.0,93.0,144.0
2018-09-01,006840,3397931239.43,1924033597.97,1473897641.46,66237805.0,3711183102.75,1045614759.36,269717896.05,206620398.93,317257800.61,-224601812.52,89961082.79,-29421030.85,363855245.05,290882166.39,844000684.52,28.175,7.268,13.824,6.515,13.9594,130.541,43.376,9.74662,8069.87953,64784.96329,23948.39326,280140.85783,750.0,9.15206,1.388889,6.69155,0.8335300000000001,2.2548500000000002,0.19276000000000001,-24.31486,0.10306000000000001,2.31961,2.90152,0.22742,41000,41200,39500,39600,28656,-0.03649635036496346,0.5972850678733032,AK홀딩스,42.0,4.0,3.0,18.0,15.0,65.5,54.0,147.5
2018-09-01,016090,258971501.43,73331983.85,185639517.58,26906155.0,286316281.76,162129608.59,17900257.9,14958873.53,16871328.0,-17741462.96,-2214115.5,12506804.14,22975252.48,17003493.63,57208394.86,56.626,6.252,8.343,5.915,16.187,39.502,71.683,1868.30789,331.02792,4192.18233,373.34901,6335.95066,80.0,23.68216,3.470716,6.96316,0.54983,6.17385,0.3638,8.32835,0.31867,2.49,3.36451,0.19981000000000002,36500,37200,36000,36800,205410,0.005464480874316946,1.341450078372763,대현,6.0,28.0,37.0,22.0,46.0,16.0,124.0,155.0
2018-09-01,000210,12833716731.57,6783472629.93,6050244101.63,218500000.0,10984485292.3,1420161607.41,845358145.71,678088773.94,1104521754.69,-380818178.01,-525617963.28,955983792.01,975954145.71,956877551.27,3853803246.73,12.929,7.696,12.366,5.169,18.4019,112.119,47.143,7.44917,16745.66519,139638.17584,28614.55323,284572.15783,1700.0,10.18128,1.658537,6.12099,0.73404,3.58209,0.36019,4.13867,0.13244,3.94875,4.02748,0.35084000000000004,94879,95331,89909,90361,264306,-0.05213414314336362,1.2209955949517608,DL,33.0,27.0,13.0,11.0,20.0,52.0,27.0,156.0
2018-09-01,001340,297711550.0,143792330.0,153919220.0,22459204.0,175487657.0,56747618.0,27483839.0,22324784.0,35062030.0,-20646913.0,-7508203.0,15739585.0,39508363.0,26483517.0,190609728.43,32.337,15.661,15.714,7.728,10.8149,93.421,51.701,8.30939,497.00747,3582.88991,780.57154,3906.80945,50.0,9.62149,2.008032,5.00999,0.6949700000000001,3.18997,0.6373500000000001,7.10609,0.1053,4.82454,7.1973,1.08617,2655,2725,2635,2665,113868,-0.009293680297397744,0.9400352733686067,백광산업,25.0,67.0,9.0,1.0,16.0,47.0,91.0,165.0
2018-09-01,008260,243908883.16,137609986.31,106298896.84,14300058.5,150732789.51,28455303.58,16483889.74,10204491.69,31426601.3,-14971619.28,-17205689.84,12114544.06,30204674.63,16839734.19,175971683.86,18.878,10.936,9.984,4.121,5.3374,129.456,43.581,4.47236,357.76315,3716.72944,1101.79716,5284.59818,50.0,14.0135,2.202643,6.34498,0.61075,2.06027,0.42955000000000004,5.34459,0.49859000000000003,5.82597,10.44979,1.16744,2365,2395,2290,2325,78280,-0.016913319238900604,0.7894736842105265,NI스틸,10.0,42.0,2.0,13.0,61.0,42.0,95.0,170.0
2019-09-01,006360,13171205734.34,9028178350.23,4143027384.11,400489020.0,10416589201.82,1397867824.78,767266689.08,447479242.61,759268850.6,-747618076.21,183526299.01,616449501.7,901730689.08,771109731.31,3776599065.35,13.42,7.366,11.786,3.551,15.0094,217.913,31.455,5.21466,5551.66568,50055.67035,9507.40423,130434.33054,1000.0,17.90985,3.220612,5.59292,0.62031,3.26588,0.23805,4.02252,0.03527,4.18817,4.89761,0.36256000000000005,24700,25850,24700,25750,520847,0.04251012145748989,0.8072100313479628,GS건설,10.0,9.0,12.0,5.0,1.0,20.0,18.0,57.0
2019-09-01,015890,561358060.15,218157319.3,343200740.85,14614375.0,519562901.25,99731223.74,10773793.03,25552233.45,59780168.63,-27585159.76,-12522067.4,33853793.84,33111108.03,47025159.93,187955286.28,19.195,2.074,8.907,4.629,2.4021,63.566,61.138,2.57058,706.29073,8186.08606,2045.25232,17775.74824,370.0,51.76681,6.47986,8.08449,0.6975300000000001,2.79183,0.32122,4.9299100000000005,0.07853,5.6765,3.99691,0.36175,4950,5140,4930,5070,193892,0.02735562310030404,2.0119047619047614,태경산업,16.0,17.0,7.0,17.0,4.0,3.0,81.0,64.0
2019-09-01,010960,298782147.4,108033669.18,190748478.22,12500000.0,364581695.86,37455374.89,23565982.25,21526295.8,30248227.03,-18347040.74,-5913572.3,28878676.23,25238316.25,24333793.68,22907429.06,10.274000000000001,6.464,11.65,7.479,55.3933,56.637,63.842,87.36425,862.85062,8025.60359,1209.92908,14583.26783,190.0,20.91903,4.2696629999999995,5.15732,0.5544800000000001,3.6779,0.30514,3.85232,0.49929000000000007,0.9076400000000001,0.9413800000000001,0.06283000000000001,4075,4115,4060,4100,73699,0.008610086100861114,1.278054862842893,삼호개발,6.0,15.0,17.0,1.0,36.0,11.0,95.0,86.0
2019-09-01,090350,627342505.02,304973893.91,322368611.11,10231563.0,647452120.19,147052940.93,29162610.26,18899752.92,59239359.0,-21620903.97,-18482568.86,45897364.05,43908692.26,31023253.5,244000025.51,22.713,4.504,5.998,3.061,4.9119,94.604,51.386,6.27618,923.60048,15753.63466,2894.93204,31639.94202,275.0,29.78703,3.374233,8.824160000000001,0.51734,2.8152600000000003,0.25759000000000004,3.63364,0.34242,5.55699,7.86507,0.37686000000000003,1230,1260,1215,1260,298205,0.020242914979757165,0.009581749049429655,노루페인트,3.0,11.0,8.0,21.0,30.0,19.0,75.0,92.0
2019-09-01,011500,163356457.91,43082691.04,120273766.87,7818521.0,204694662.84,22111079.12,11950439.71,9978317.17,18868497.34,-6878007.14,-10214542.23,11800874.25,18830231.2,14074124.73,80700531.41,10.802,5.838,8.576,6.124,7.3232,35.821,73.627,16.5937,638.12051,7864.1042,1206.65388,13090.36983,150.0,22.99088,3.525264,6.66802,0.54107,3.52628,0.32505,5.63819,1.51109,4.28569,5.73396,0.39425000000000004,5900,6030,5710,5970,166708,0.02931034482758621,0.5264550264550265,한농화성,5.0,18.0,13.0,7.0,63.0,16.0,91.0,122.0
2019-09-01,055550,552419581000.0,510489200000.0,41930381000.0,2732463000.0,30004997000.0,10180924000.0,5046250000.0,3642384000.0,7179046000.0,-22687867000.0,15878811000.0,,5723402000.0,4911508000.0,118380143096.45,33.931,16.818,9.088,0.72,,1217.469,7.59,,7003.33998,81996.61982,14772.24744,61740.96671,1850.0,25.9712,4.267589,6.1899,0.52868,2.9345600000000003,0.70213,,0.9636600000000001,20.68353,24.10261,3.94535,29600,30200,29550,30050,1751652,0.013490725126475533,0.32346609257265885,신한지주,4.0,45.0,9.0,6.0,52.0,12.0,2.0,128.0
2019-09-01,010420,103412316.18,62354387.7,41057928.47,10246506.0,233891947.96,21395250.44,3983302.58,3156354.54,16603868.05,-16438982.93,-4887678.62,16047100.05,6075130.58,4399550.22,15600946.43,9.147,1.703,7.936,3.242,25.3834,151.869,39.703,18.33165,154.02102,2003.50873,810.22097,11413.25384,25.0,16.23154,1.440922,11.2647,0.8659800000000001,2.14139,0.15202000000000002,2.21569,0.24119000000000002,2.568,3.54603,0.06670000000000001,1430,1455,1425,1440,75416,0.006993006993007089,0.3559950556242274,한솔PNS,31.0,4.0,2.0,30.0,22.0,40.0,96.0,129.0
2019-09-01,004000,1792685481.73,299572633.4,1493112848.32,129000000.0,1311271455.37,283478920.47,189666421.06,168371662.09,257512347.85,-203551336.48,-50275217.08,186132421.14,281894425.06,219540626.29,795208400.23,21.619,14.464,11.729,9.641,14.9705,20.064,83.289,90.15416,6526.03341,58622.41258,9981.09875,50824.47501,1700.0,25.71632,3.765227,6.91844,0.7701800000000001,4.52355,0.8883500000000001,6.25829,0.08610000000000001,2.8209400000000002,3.62215,0.6064400000000001,44450,45100,44300,44650,68725,-0.0011185682326622093,1.0217391304347827,롯데정밀화학,22.0,57.0,20.0,9.0,6.0,15.0,46.0,129.0
2019-09-01,001680,2389611801.05,1374881483.46,1014730317.58,36018248.0,2963985752.6,754421855.94,129813204.52,108874638.56,167274478.51,-49758097.31,-55066604.0,57512423.7,228518204.52,169077490.44,1241368722.38,25.453,4.38,11.212,4.745,4.9346,135.492,42.464,5.33439,2976.37834,27688.83946,4644.15922,82291.22506,600.0,20.17151,2.586207,7.79471,0.8378800000000001,4.99552,0.28193,14.52944,0.42406000000000005,5.43225,7.34201,0.41882,28800,29000,27850,28150,412680,-0.02595155709342556,1.2942528735632182,대상,29.0,13.0,24.0,13.0,32.0,25.0,37.0,136.0
2019-09-01,029460,680451757.88,173166657.77,507285100.11,6777022.0,511909493.32,102047648.88,65295639.12,57039234.66,31134355.74,52599185.33,-5524074.49,20816076.6,72011845.75,82266905.98,83496298.69,19.935,12.755,11.923,9.091,45.6155,34.136,74.551,112.40156,3591.33757,36144.11027,2297.05288,37768.02653,250.0,6.39101,1.3404829999999999,5.19305,0.5159900000000001,8.1191,0.4938,12.14364,0.1453,1.15948,1.01494,0.16311,20050,20500,19900,20400,84789,0.0174563591022443,0.4939467312348669,케이씨,2.0,28.0,48.0,2.0,12.0,44.0,90.0,136.0
2020-09-01,213500,1739627806.89,1104806162.97,634821643.92,119013080.0,1509871173.05,300684227.02,94561342.52,59268596.92,125208594.09,-87837039.0,-33986278.77,60384236.55,186843342.52,91041343.85,1054006649.97,19.915,6.263,9.674,3.403,4.6693999999999996,174.034,36.492,4.93767,2490.00349,26697.65754,5260.28711,63432.99296,700.0,28.08366,5.054152,5.56224,0.5187700000000001,2.63294,0.21834,5.45948,0.49796,5.64112,11.57723,0.69808,17500,17950,17450,17650,225672,0.008571428571428674,1.4957627118644066,한솔제지,2.0,7.0,7.0,1.0,42.0,2.0,47.0,61.0
2020-09-01,016450,1840012735.34,1094228155.66,745784579.67,20000000.0,2797947074.45,592817978.28,81651030.4,70484031.57,110130221.84,-35734217.47,-23892526.36,63923008.52,148674043.4,81887899.76,684377658.9,21.188,2.918,16.993,3.947,9.7596,146.722,40.531,4.14993,1359.03247,9381.51581,2753.25555,69948.67686,250.0,18.05595,3.263708,5.63636,0.8165,2.78216,0.10951000000000001,4.79327,0.28616,4.60321,8.35749,0.2446,8920,9030,8810,8970,55487,0.004479283314669624,1.698863636363636,한세예스24홀딩,25.0,1.0,9.0,3.0,29.0,9.0,55.0,76.0
2020-09-01,014830,1120794922.95,338797020.29,781997902.66,44449215.0,890460358.54,205900109.91,96249278.76,76818319.16,157896474.09,-2524195.08,-97862736.3,121782360.45,149352388.76,98058622.47,500123469.32,23.123,10.809,10.291,6.993,11.9702,43.325,69.772,11.35396,8655.63034,89826.25459,17761.44687,100166.03876,1400.0,15.88697,2.898551,5.58018,0.5377000000000001,2.71937,0.4822,3.52579,0.22505000000000003,3.34861,5.10025,0.56164,134000,143000,133000,136500,514758,0.026315789473684292,2.8858350951374203,유니드,4.0,35.0,8.0,2.0,23.0,13.0,61.0,85.0
2020-09-01,002310,882326924.99,248826738.13,633500186.86,44782510.0,731631749.31,147977990.38,65707649.12,54245095.69,105972261.3,-61047070.24,-27961979.35,51369689.19,111546225.91,76375864.56,344745304.89,20.226,8.981,8.904,6.269,7.2566,39.278,71.799,19.55234,6056.50461,70730.75927,11831.88049,81687.22,700.0,11.55782,1.879195,6.15041,0.52664,3.14827,0.45601,6.49468,0.05081,3.0906,4.5138,0.4712,49200,49900,48500,49150,68203,-0.006066734074823055,1.883141762452108,아세아제지,3.0,34.0,11.0,8.0,2.0,33.0,74.0,91.0
2020-09-01,120110,5043688226.43,2751644078.06,2292044148.37,148733500.0,4036085330.39,1036843479.7,152441802.37,205512192.84,499608633.98,130620690.0,-581955066.63,300463668.09,396664319.52,359896096.27,2775193823.73,25.689,3.777,9.699,3.976,3.0957,120.052,45.444,2.64171,6838.75752,73257.41182,16795.43055,135681.78421,1000.0,14.69057,2.436054,6.00255,0.56035,2.44412,0.30255000000000004,4.06406,0.48826,6.99633,7.7111,0.68759,86800,87300,84800,86600,290511,-0.0045977011494252595,11.203104786545929,코오롱인더,8.0,19.0,5.0,5.0,41.0,23.0,30.0,101.0
2020-09-01,012450,9464815678.26,6475090147.42,2989725530.84,265650000.0,5321444270.67,1070349623.39,243947058.54,164739761.65,434749594.57,-298733677.42,198970902.82,245357714.56,489586177.54,223826548.62,2525099986.14,20.114,4.584,4.777,1.8130000000000002,4.2271,216.578,31.588,3.68026,2388.35777,51329.162,8551.17784,104668.5653,600.0,25.00755,2.105263,11.93289,0.5552400000000001,3.33287,0.27229000000000003,5.90552,0.17948000000000003,5.15762,11.2815,0.47451000000000004,50700,51300,50200,50400,218966,-0.00982318271119842,1.8876404494382024,한화에어로스페,7.0,11.0,15.0,34.0,14.0,28.0,32.0,109.0
2020-09-01,049800,267621933.34,206845325.71,60776607.63,5000000.0,204996134.09,53164716.95,9434363.98,7769632.71,28955504.57,-570503.75,-14145342.53,27983938.89,20192641.98,10891563.13,172111863.61,25.934,4.602,13.702,2.902,5.537,340.337,22.71,1.9599600000000001,388.49887,3038.8744,1447.77523,10249.806705,50.0,12.87005,1.6501649999999999,7.79925,0.9970800000000001,2.09287,0.29562000000000005,2.16553,0.06573000000000001,8.52349,15.80231,0.8395900000000001,4680,4800,4610,4800,94971,0.027837259100642386,2.7713625866050813,우진플라임,38.0,15.0,2.0,15.0,3.0,38.0,90.0,111.0
2020-09-01,006360,13770677888.91,9458561906.49,4312115982.42,403541015.0,10122930837.45,1535087602.01,750397845.88,329675683.02,553879345.02,-268985594.43,50931976.64,426228167.17,910331845.88,591772779.87,4521537485.3,15.164,7.413,7.681,2.447,9.643,219.349,31.314,6.51382,3890.19296,51755.13887,6912.83576,126341.88104,1200.0,30.80533,3.174603,9.71674,0.73036,5.46809,0.29919,7.10573,0.18008000000000002,4.96691,7.6406600000000005,0.44666000000000006,44550,44950,44100,44650,543349,-0.0022346368715083775,1.733980582524272,GS건설,16.0,16.0,35.0,24.0,15.0,10.0,21.0,116.0
2020-09-01,002450,622371933.96,399474700.85,222897233.1,45265457.5,247857720.15,67686969.34,20180616.32,9961370.43,38058430.47,1785073.83,15095013.34,31032084.59,33563437.32,24967263.7,381012592.17,27.309,8.142,4.486,1.613,3.988,179.219,35.814,1.82207,110.85592,2670.68528,420.39154,2737.82409,50.0,41.61611,3.424658,13.17025,0.54668,3.47295,0.53327,4.25931,0.23092000000000001,11.35201,15.26049,1.53722,1930,1960,1915,1950,445535,0.010362694300518172,1.4338235294117645,삼익악기,5.0,40.0,18.0,41.0,24.0,7.0,70.0,135.0
2020-09-01,079550,2595606499.09,1923097847.4,672508651.69,110000000.0,1600344315.02,189680189.47,63741639.09,57881698.05,192104829.7,-166037662.56,-3713024.86,160174014.08,115345372.09,52946178.65,1150925063.28,11.852,3.983,8.861,2.356,4.9063,285.959,25.909,3.8205400000000003,2630.98628,31034.08637,8732.03771,72742.92341,900.0,33.69459,2.95082,11.59261,0.98279,3.49288,0.41928000000000004,4.18919,0.10964000000000002,9.97808,21.73764,0.7191700000000001,51600,53200,51200,52400,209188,0.0057581573896352545,1.6197836166924267,LIG넥스원,36.0,29.0,19.0,32.0,8.0,12.0,44.0,136.0
