,code,2nd_code,std_price,name
0,A000020,1,13650,동화약품
1,A000040,1,942,KR모터스
2,A000050,1,13750,경방
3,A000060,1,28900,메리츠화재
4,A000070,1,97500,삼양홀딩스
5,A000075,1,66000,삼양홀딩스우
6,A000080,1,33450,하이트진로
7,A000087,1,20000,하이트진로2우B
8,A000100,1,59100,유한양행
9,A000105,1,58400,유한양행우
10,A000120,1,137500,CJ대한통운
11,A000140,1,14200,하이트진로홀딩스
12,A000145,1,16450,하이트진로홀딩스우
13,A000150,1,131500,두산
14,A000155,1,81200,두산우
15,A000157,1,123500,두산2우B
16,A000180,1,2475,성창기업지주
17,A000210,1,63600,DL
18,A000215,1,39100,DL우
19,A000220,1,6890,유유제약
20,A000225,1,9190,유유제약1우
21,A000227,1,19700,유유제약2우B
22,A000230,1,13200,일동홀딩스
23,A000240,1,16850,한국앤컴퍼니
24,A000270,1,83900,기아
25,A000300,1,1510,대유플러스
26,A000320,1,12800,노루홀딩스
27,A000325,1,43650,노루홀딩스우
28,A000370,1,4105,한화손해보험
29,A000390,1,10200,삼화페인트
30,A000400,1,1810,롯데손해보험
31,A000430,1,3960,대원강업
32,A000480,1,87500,조선내화
33,A000490,1,9800,대동
34,A000500,1,25300,가온전선
35,A000520,1,7830,삼일제약
36,A000540,1,3735,흥국화재
37,A000545,1,8300,흥국화재우
38,A000547,1,25700,흥국화재2우B
39,A000590,1,61200,CS홀딩스
40,A000640,1,104500,동아쏘시오홀딩스
41,A000650,1,67600,천일고속
42,A000660,1,107500,SK하이닉스
43,A000670,1,690000,영풍
44,A000680,1,3160,LS네트웍스
45,A000700,1,5600,유수홀딩스
46,A000720,1,49000,현대건설
47,A000725,1,78200,현대건설우
48,A000760,1,16000,이화산업
49,A000810,1,221000,삼성화재
50,A000815,1,171000,삼성화재우
51,A000850,1,34100,화천기공
52,A000860,1,23650,강남제비스코
53,A000880,1,31600,한화
54,A000885,1,35500,한화우
55,A00088K,1,16100,한화3우B
56,A000890,1,923,보해양조
57,A000910,1,7690,유니온
58,A000950,1,40250,전방
59,A000970,1,9440,한국주철관
60,A000990,1,59400,DB하이텍
61,A000995,1,98600,DB하이텍1우
62,A001020,1,1525,페이퍼코리아
63,A001040,1,93000,CJ
64,A001045,1,59200,CJ우
65,A00104K,1,78000,CJ4우(전환)
66,A001060,1,23300,JW중외제약
67,A001065,1,33850,JW중외제약우
68,A001067,1,58900,JW중외제약2우B
69,A001070,1,46400,대한방직
70,A001080,1,21200,만호제강
71,A001120,1,27100,LX인터내셔널
72,A001130,1,155000,대한제분
73,A001140,1,1825,국보
74,A001200,1,3660,유진투자증권
75,A001210,1,3315,금호전기
76,A001230,1,15900,동국제강
77,A001250,1,2440,GS글로벌
78,A001260,1,14250,남광토건
79,A001270,1,24250,부국증권
80,A001275,1,22950,부국증권우
81,A001290,1,1195,상상인증권
82,A001340,1,5270,백광산업
83,A001360,1,4945,삼성제약
84,A001380,1,1910,SG글로벌
85,A001390,1,32950,KG케미칼
86,A001420,1,5120,태원물산
87,A001430,1,19600,세아베스틸
88,A001440,1,1905,대한전선
89,A001450,1,24900,현대해상
90,A001460,1,432000,BYC
91,A001465,1,171000,BYC우
92,A001470,1,1810,삼부토건
93,A001500,1,12500,현대차증권
94,A001510,1,970,SK증권
95,A001515,1,4080,SK증권우
96,A001520,1,1865,동양
97,A001525,1,7800,동양우
98,A001527,1,14450,동양2우B
99,A001529,1,36450,동양3우B
100,A001530,1,269500,DI동일
101,A001550,1,23550,조비
102,A001560,1,8900,제일연마
103,A001570,1,4960,금양
104,A001620,1,874,케이비아이동국실업
105,A001630,1,79700,종근당홀딩스
106,A001680,1,23500,대상
107,A001685,1,17400,대상우
108,A001720,1,60800,신영증권
109,A001725,1,61700,신영증권우
110,A001740,1,5180,SK네트웍스
111,A001745,1,82900,SK네트웍스우
112,A001750,1,15950,한양증권
113,A001755,1,20300,한양증권우
114,A001770,1,27850,SHD
115,A001780,1,3685,알루코
116,A001790,1,3325,대한제당
117,A001795,1,3330,대한제당우
118,A001800,1,15850,오리온홀딩스
119,A001820,1,54500,삼화콘덴서
120,A001880,1,27800,DL건설
121,A001940,1,16600,KISCO홀딩스
122,A002020,1,31250,코오롱
123,A002025,1,19850,코오롱우
124,A002030,1,112500,아세아
125,A002070,1,2940,비비안
126,A002100,1,12300,경농
127,A002140,1,3090,고려산업
128,A002150,1,7560,도화엔지니어링
129,A002170,1,61500,삼양통상
130,A002200,1,24700,한국수출포장
131,A002210,1,8470,동성제약
132,A002220,1,2900,한일철강
133,A002240,1,24450,고려제강
134,A002270,1,367000,롯데푸드
135,A002310,1,43150,아세아제지
136,A002320,1,31650,한진
137,A002350,1,7240,넥센타이어
138,A002355,1,3300,넥센타이어1우B
139,A002360,1,969,SH에너지화학
140,A002380,1,308500,KCC
141,A002390,1,22950,한독
142,A002410,1,7960,범양건영
143,A002420,1,6160,세기상사
144,A002450,1,1765,삼익악기
145,A002460,1,12500,화성산업
146,A002600,1,204500,조흥
147,A002620,1,16900,제일파마홀딩스
148,A002630,1,1240,오리엔트바이오
149,A002690,1,3030,동일제강
150,A002700,1,1950,신일전자
151,A002710,1,7840,TCC스틸
152,A002720,1,5560,국제약품
153,A002760,1,2010,보락
154,A002780,1,2300,진흥기업
155,A002785,1,6040,진흥기업우B
156,A002787,1,15400,진흥기업2우B
157,A002790,1,47700,아모레G
158,A002795,1,17450,아모레G우
159,A00279K,1,36350,아모레G3우(전환)
160,A002810,1,15650,삼영무역
161,A002820,1,5470,SUN&L
162,A002840,1,206500,미원상사
163,A002870,1,2395,신풍제지
164,A002880,1,1495,대유에이텍
165,A002900,1,1780,TYM
166,A002920,1,3270,유성기업
167,A002960,1,277500,한국쉘석유
168,A002990,1,10850,금호건설
169,A002995,1,30100,금호건설우
170,A003000,1,12650,부광약품
171,A003010,1,6210,혜인
172,A003030,1,119000,세아제강지주
173,A003060,1,981,에이프로젠제약
174,A003070,1,24750,코오롱글로벌
175,A003075,1,31950,코오롱글로벌우
176,A003080,1,4290,성보화학
177,A003090,1,30450,대웅
178,A003120,1,74700,일성신약
179,A003160,1,7490,디아이
180,A003200,1,111500,일신방직
181,A003220,1,15800,대원제약
182,A003230,1,77400,삼양식품
183,A003240,1,975000,태광산업
184,A003280,1,3030,흥아해운
185,A003300,1,13200,한일홀딩스
186,A003350,1,29250,한국화장품제조
187,A003410,1,7870,쌍용C&E
188,A003460,1,2780,유화증권
189,A003465,1,2765,유화증권우
190,A003470,1,4325,유안타증권
191,A003475,1,4365,유안타증권우
192,A003480,1,4255,한진중공업홀딩스
193,A003490,1,30550,대한항공
194,A003495,1,38900,대한항공우
195,A003520,1,4535,영진약품
196,A003530,1,5190,한화투자증권
197,A003535,1,12900,한화투자증권우
198,A003540,1,19950,대신증권
199,A003545,1,18500,대신증권우
200,A003547,1,17700,대신증권2우B
201,A003550,1,89200,LG
202,A003555,1,65300,LG우
203,A003560,1,1795,IHQ
204,A003570,1,9100,SNT중공업
205,A003580,1,15850,넥스트사이언스
206,A003610,1,3075,방림
207,A003620,1,2770,쌍용차
208,A003650,1,79400,미창석유
209,A003670,1,140000,포스코케미칼
210,A003680,1,6200,한성기업
211,A003690,1,9430,코리안리
212,A003720,1,2940,삼영화학
213,A003780,1,8220,진양산업
214,A003830,1,139000,대한화섬
215,A003850,1,13900,보령제약
216,A003920,1,429500,남양유업
217,A003925,1,219500,남양유업우
218,A003960,1,25650,사조대림
219,A004000,1,79400,롯데정밀화학
220,A004020,1,39950,현대제철
221,A004060,1,656,SG세계물산
222,A004080,1,16050,신흥
223,A004090,1,11950,한국석유
224,A004100,1,1460,태양금속
225,A004105,1,2545,태양금속우
226,A004140,1,4175,동방
227,A004150,1,3585,한솔홀딩스
228,A004170,1,239500,신세계
229,A004250,1,6240,NPC
230,A004255,1,3110,NPC우
231,A004270,1,3110,남성
232,A004310,1,5410,현대약품
233,A004360,1,11750,세방
234,A004365,1,6970,세방우
235,A004370,1,280500,농심
236,A004380,1,11350,삼익THK
237,A004410,1,308,서울식품
238,A004415,1,4195,서울식품우
239,A004430,1,17100,송원산업
240,A004440,1,9650,삼일씨엔에스
241,A004450,1,42700,삼화왕관
242,A004490,1,78000,세방전지
243,A004540,1,4725,깨끗한나라
244,A004545,1,22250,깨끗한나라우
245,A004560,1,15300,현대비앤지스틸
246,A004565,1,72400,현대비앤지스틸우
247,A004690,1,89000,삼천리
248,A004700,1,57000,조광피혁
249,A004710,1,6260,한솔테크닉스
250,A004720,1,10650,팜젠사이언스
251,A004770,1,3525,써니전자
252,A004800,1,96500,효성
253,A004830,1,17400,덕성
254,A004835,1,20450,덕성우
255,A004840,1,5400,DRB동일
256,A004870,1,1120,티웨이홀딩스
257,A004890,1,140500,동일산업
258,A004910,1,8550,조광페인트
259,A004920,1,1010,씨아이테크
260,A004960,1,18950,한신공영
261,A004970,1,12250,신라교역
262,A004980,1,11700,성신양회
263,A004985,1,15300,성신양회우
264,A004990,1,32500,롯데지주
265,A00499K,1,50000,롯데지주우
266,A005010,1,13500,휴스틸
267,A005030,1,565,부산주공
268,A005070,1,43200,코스모신소재
269,A005090,1,44850,SGC에너지
270,A005110,1,1005,한창
271,A005180,1,55100,빙그레
272,A005250,1,27500,녹십자홀딩스
273,A005257,1,63000,녹십자홀딩스2우
274,A005300,1,134000,롯데칠성
275,A005305,1,68700,롯데칠성우
276,A005320,1,2295,국동
277,A005360,1,4340,모나미
278,A005380,1,205000,현대차
279,A005385,1,97700,현대차우
280,A005387,1,99000,현대차2우B
281,A005389,1,92500,현대차3우B
282,A005390,1,3825,신성통상
283,A005420,1,15200,코스모화학
284,A005430,1,44050,한국공항
285,A005440,1,9230,현대그린푸드
286,A005490,1,274500,POSCO
287,A005500,1,25300,삼진제약
288,A005610,1,73100,SPC삼립
289,A005680,1,10900,삼영전자
290,A005690,1,12200,파미셀
291,A005720,1,4910,넥센
292,A005725,1,3530,넥센우
293,A005740,1,8460,크라운해태홀딩스
294,A005745,1,13200,크라운해태홀딩스우
295,A005750,1,7900,대림B&Co
296,A005800,1,115500,신영와코루
297,A005810,1,28500,풍산홀딩스
298,A005820,1,19250,원림
299,A005830,1,55800,DB손해보험
300,A005850,1,30650,에스엘
301,A005870,1,6720,휴니드
302,A005880,1,2685,대한해운
303,A005930,1,69900,삼성전자
304,A005935,1,64900,삼성전자우
305,A005940,1,12900,NH투자증권
306,A005945,1,12200,NH투자증권우
307,A005950,1,12800,이수화학
308,A005960,1,14100,동부건설
309,A005965,1,34500,동부건설우
310,A006040,1,231000,동원산업
311,A006060,1,6450,화승인더
312,A006090,1,9020,사조오양
313,A006110,1,23300,삼아알미늄
314,A006120,1,47550,SK디스커버리
315,A006125,1,36100,SK디스커버리우
316,A006200,1,1435,한국전자홀딩스
317,A006220,1,5840,제주은행
318,A006260,1,57900,LS
319,A006280,1,235000,녹십자
320,A006340,1,1790,대원전선
321,A006345,1,3185,대원전선우
322,A006360,1,39850,GS건설
323,A006370,1,10500,대구백화점
324,A006380,1,4545,카프로
325,A006390,1,35300,한일현대시멘트
326,A006400,1,753000,삼성SDI
327,A006405,1,367500,삼성SDI우
328,A006490,1,3085,인스코비
329,A006570,1,3660,대림통상
330,A006650,1,179500,대한유화
331,A006660,1,15950,삼성공조
332,A006740,1,6710,영풍제지
333,A006800,1,8760,미래에셋증권
334,A006805,1,5580,미래에셋증권우
335,A00680K,1,4830,미래에셋증권2우B
336,A006840,1,24600,AK홀딩스
337,A006880,1,5360,신송홀딩스
338,A006890,1,11650,태경케미컬
339,A006980,1,28800,우성
340,A007070,1,32300,GS리테일
341,A007110,1,2420,일신석재
342,A007120,1,530,미래아이앤지
343,A007160,1,44350,사조산업
344,A007210,1,4180,벽산
345,A007280,1,2825,한국특강
346,A007310,1,465500,오뚜기
347,A007340,1,63100,디티알오토모티브
348,A007460,1,1710,에이프로젠 MED
349,A007540,1,42200,샘표
350,A007570,1,28400,일양약품
351,A007575,1,28150,일양약품우
352,A007590,1,7350,동방아그로
353,A007610,1,4045,선도전기
354,A007630,1,1225,폴루스바이오팜
355,A007660,1,4600,이수페타시스
356,A007690,1,57300,국도화학
357,A007700,1,41600,F&F홀딩스
358,A007810,1,19600,코리아써키트
359,A007815,1,7650,코리아써우
360,A00781K,1,9060,코리아써키트2우B
361,A007860,1,13200,서연
362,A007980,1,2455,태평양물산
363,A008040,1,1265,사조동아원
364,A008060,1,7720,대덕
365,A00806K,1,11600,대덕1우
366,A008110,1,8310,대동전자
367,A008250,1,13000,이건산업
368,A008260,1,3505,NI스틸
369,A008350,1,2645,남선알미늄
370,A008355,1,20800,남선알미우
371,A008420,1,3820,문배철강
372,A008490,1,45300,서흥
373,A008500,1,33350,일정실업
374,A008560,1,4580,메리츠증권
375,A008600,1,2020,윌비스
376,A008700,1,2145,아남전자
377,A008730,1,20100,율촌화학
378,A008770,1,81100,호텔신라
379,A008775,1,82800,호텔신라우
380,A008870,1,68200,금비
381,A008930,1,54600,한미사이언스
382,A008970,1,1275,동양철관
383,A009070,1,6130,KCTC
384,A009140,1,29600,경인전자
385,A009150,1,159000,삼성전기
386,A009155,1,92000,삼성전기우
387,A009160,1,6760,SIMPAC
388,A009180,1,4445,한솔로지스틱스
389,A009190,1,5300,대양금속
390,A009200,1,2620,무림페이퍼
391,A009240,1,83500,한샘
392,A009270,1,2985,신원
393,A009275,1,42900,신원우
394,A009290,1,7580,광동제약
395,A009310,1,1190,참엔지니어링
396,A009320,1,2660,대우부품
397,A009410,1,10700,태영건설
398,A009415,1,12050,태영건설우
399,A009420,1,19550,한올바이오파마
400,A009440,1,4615,KC그린홀딩스
401,A009450,1,63000,경동나비엔
402,A009460,1,2105,한창제지
403,A009470,1,30050,삼화전기
404,A009540,1,99000,한국조선해양
405,A009580,1,4055,무림P&P
406,A009680,1,10450,모토닉
407,A009770,1,29100,삼정펄프
408,A009810,1,2500,엔케이물산
409,A009830,1,35500,한화솔루션
410,A009835,1,37300,한화솔루션우
411,A009900,1,27850,명신산업
412,A009970,1,46650,영원무역홀딩스
413,A010040,1,3945,한국내화
414,A010050,1,970,우리종금
415,A010060,1,115500,OCI
416,A010100,1,2735,한국프랜지
417,A010120,1,59300,LS ELECTRIC
418,A010130,1,487000,고려아연
419,A010140,1,5710,삼성중공업
420,A010145,1,243000,삼성중공우
421,A010400,1,7630,우진아이엔에스
422,A010420,1,1970,한솔PNS
423,A010580,1,0,지코
424,A010600,1,1560,웰바이오텍
425,A010620,1,72700,현대미포조선
426,A010640,1,4340,진양폴리
427,A010660,1,2485,화천기계
428,A010690,1,9270,화신
429,A010770,1,4510,평화홀딩스
430,A010780,1,44200,아이에스동서
431,A010820,1,2075,퍼스텍
432,A010950,1,95800,S-Oil
433,A010955,1,59700,S-Oil우
434,A010960,1,5120,삼호개발
435,A011000,1,27400,진원생명과학
436,A011070,1,230500,LG이노텍
437,A011090,1,2860,에넥스
438,A011150,1,3695,CJ씨푸드
439,A011155,1,39650,CJ씨푸드1우
440,A011170,1,212000,롯데케미칼
441,A011200,1,27450,HMM
442,A011210,1,77300,현대위아
443,A011230,1,3985,삼화전자
444,A011280,1,4040,태림포장
445,A011300,1,787,성안
446,A011330,1,1350,유니켐
447,A011390,1,113000,부산산업
448,A011420,1,3530,갤럭시아에스엠
449,A011500,1,16900,한농화성
450,A011690,1,0,와이투솔루션
451,A011700,1,4540,한신기계
452,A011760,1,17850,현대코퍼레이션
453,A011780,1,165500,금호석유
454,A011785,1,111500,금호석유우
455,A011790,1,177500,SKC
456,A011810,1,4015,STX
457,A011930,1,2085,신성이엔지
458,A012030,1,1005,DB
459,A012160,1,1105,영흥
460,A012170,1,2670,아센디오
461,A012200,1,4305,계양전기
462,A012205,1,6880,계양전기우
463,A012280,1,1675,영화금속
464,A012320,1,34700,경동인베스트
465,A012330,1,241500,현대모비스
466,A012450,1,40450,한화에어로스페이스
467,A012510,1,79900,더존비즈온
468,A012600,1,2490,센트럴인사이트
469,A012610,1,6670,경인양행
470,A012630,1,10000,HDC
471,A012690,1,4085,모나리자
472,A012750,1,82200,에스원
473,A012800,1,1930,대창
474,A013000,1,2115,세우글로벌
475,A013360,1,5850,일성건설
476,A013520,1,2360,화승코퍼레이션
477,A013570,1,5520,디와이
478,A013580,1,38450,계룡건설
479,A013700,1,2370,까뮤이앤씨
480,A013870,1,6030,지엠비코리아
481,A013890,1,84200,지누스
482,A014130,1,5770,한익스프레스
483,A014160,1,2260,대영포장
484,A014280,1,7590,금강공업
485,A014285,1,12150,금강공업우
486,A014440,1,4185,영보화학
487,A014530,1,3985,극동유화
488,A014580,1,5110,태경비케이
489,A014680,1,332500,한솔케미칼
490,A014710,1,4900,사조씨푸드
491,A014790,1,5350,한라
492,A014820,1,48400,동원시스템즈
493,A014825,1,31250,동원시스템즈우
494,A014830,1,111500,유니드
495,A014910,1,2550,성문전자
496,A014915,1,8730,성문전자우
497,A014990,1,1535,인디에프
498,A015020,1,3825,이스타코
499,A015230,1,8030,대창단조
500,A015260,1,2175,에이엔피
501,A015350,1,84100,부산가스
502,A015360,1,36650,예스코홀딩스
503,A015540,1,6410,쎌마테라퓨틱스
504,A015590,1,473,큐로
505,A015760,1,22800,한국전력
506,A015860,1,5930,일진홀딩스
507,A015890,1,6520,태경산업
508,A016090,1,2465,대현
509,A016360,1,47250,삼성증권
510,A016380,1,10850,KG동부제철
511,A016385,1,101500,KG동부제철우
512,A016450,1,7710,한세예스24홀딩스
513,A016580,1,16900,환인제약
514,A016590,1,85100,신대양제지
515,A016610,1,6760,DB금융투자
516,A016710,1,44850,대성홀딩스
517,A016740,1,4080,두올
518,A016800,1,41400,퍼시스
519,A016880,1,2035,웅진
520,A017040,1,2675,광명전기
521,A017180,1,5120,명문제약
522,A017370,1,4895,우신시스템
523,A017390,1,165000,서울가스
524,A017550,1,2430,수산중공업
525,A017670,1,309500,SK텔레콤
526,A017800,1,46050,현대엘리베이
527,A017810,1,16800,풀무원
528,A017900,1,3030,광전자
529,A017940,1,50700,E1
530,A017960,1,11450,한국카본
531,A018250,1,21000,애경산업
532,A018260,1,153000,삼성에스디에스
533,A018470,1,2085,조일알미늄
534,A018500,1,931,동원금속
535,A018670,1,120000,SK가스
536,A018880,1,14150,한온시스템
537,A019170,1,45200,신풍제약
538,A019175,1,54500,신풍제약우
539,A019180,1,3790,티에이치엔
540,A019440,1,15750,세아특수강
541,A019490,1,4690,하이트론
542,A019680,1,4110,대교
543,A019685,1,3085,대교우B
544,A020000,1,39300,한섬
545,A020120,1,17000,키다리스튜디오
546,A020150,1,107500,일진머티리얼즈
547,A020560,1,21750,아시아나항공
548,A020760,1,3100,일진디스플
549,A021050,1,1995,서원
550,A021240,1,79500,코웨이
551,A021820,1,8090,세원정공
552,A023000,1,3145,삼원강재
553,A023150,1,10000,MH에탄올
554,A023350,1,7170,한국종합기술
555,A023450,1,64700,동남합성
556,A023530,1,101000,롯데쇼핑
557,A023590,1,22600,다우기술
558,A023800,1,14450,인지컨트롤스
559,A023810,1,13650,인팩
560,A023960,1,3255,에쓰씨엔지니어링
561,A024070,1,3415,WISCOM
562,A024090,1,22700,디씨엠
563,A024110,1,11000,기업은행
564,A024720,1,21450,한국콜마홀딩스
565,A024890,1,4910,대원화성
566,A024900,1,3595,덕양산업
567,A025000,1,57100,KPX케미칼
568,A025530,1,3490,SJM홀딩스
569,A025540,1,69400,한국단자
570,A025560,1,13900,미래산업
571,A025620,1,1045,제이준코스메틱
572,A025750,1,1800,한솔홈데코
573,A025820,1,3540,이구산업
574,A025860,1,12450,남해화학
575,A025890,1,5800,한국주강
576,A026890,1,15200,디피씨
577,A026940,1,4245,부국철강
578,A026960,1,34050,동서
579,A027410,1,6060,BGF
580,A027740,1,1690,마니커
581,A027970,1,1745,세하
582,A028050,1,22400,삼성엔지니어링
583,A028100,1,16950,동아지질
584,A028260,1,111000,삼성물산
585,A02826K,1,106500,삼성물산우B
586,A028670,1,5550,팬오션
587,A029460,1,22000,케이씨
588,A029530,1,32650,신도리코
589,A029780,1,33800,삼성카드
590,A030000,1,22900,제일기획
591,A030200,1,30700,KT
592,A030210,1,6010,KTB투자증권
593,A030610,1,8540,교보증권
594,A030720,1,9150,동원수산
595,A030790,1,2670,비케이탑스
596,A031430,1,155500,신세계인터내셔날
597,A031440,1,89400,신세계푸드
598,A031820,1,888,콤텍시스템
599,A032350,1,19100,롯데관광개발
600,A032560,1,8370,황금에스티
601,A032640,1,14100,LG유플러스
602,A032830,1,65900,삼성생명
603,A033180,1,3040,KH 필룩스
604,A033240,1,18700,자화전자
605,A033250,1,1385,체시스
606,A033270,1,46100,유나이티드제약
607,A033530,1,10050,세종공업
608,A033780,1,85100,KT&G
609,A033920,1,8720,무학
610,A034020,1,25800,두산중공업
611,A034120,1,53200,SBS
612,A034220,1,20250,LG디스플레이
613,A034300,1,35800,신세계건설
614,A034310,1,16700,NICE
615,A034590,1,28650,인천도시가스
616,A034730,1,233000,SK
617,A03473K,1,209500,SK우
618,A034830,1,2215,한국토지신탁
619,A035000,1,6400,지투알
620,A035150,1,7380,백산
621,A035250,1,26250,강원랜드
622,A035420,1,407000,NAVER
623,A035510,1,180500,신세계 I&C
624,A035720,1,125500,카카오
625,A036420,1,63200,제이콘텐트리
626,A036460,1,42500,한국가스공사
627,A036530,1,17750,SNT홀딩스
628,A036570,1,786000,엔씨소프트
629,A036580,1,6120,팜스코
630,A037270,1,9080,YG PLUS
631,A037560,1,6470,LG헬로비전
632,A037710,1,177500,광주신세계
633,A039130,1,80800,하나투어
634,A039490,1,106500,키움증권
635,A039570,1,11100,HDC아이콘트롤스
636,A041650,1,4020,상신브레이크
637,A042660,1,24000,대우조선해양
638,A042670,1,8130,현대두산인프라코어
639,A042700,1,31100,한미반도체
640,A044380,1,1325,주연테크
641,A044450,1,11350,KSS해운
642,A044820,1,15150,코스맥스비티아이
643,A047040,1,5930,대우건설
644,A047050,1,19950,포스코인터내셔널
645,A047400,1,3230,유니온머티리얼
646,A047810,1,29000,한국항공우주
647,A049770,1,197500,동원F&B
648,A049800,1,4110,우진플라임
649,A051600,1,42750,한전KPS
650,A051630,1,4865,진양화학
651,A051900,1,1191000,LG생활건강
652,A051905,1,636000,LG생활건강우
653,A051910,1,757000,LG화학
654,A051915,1,354000,LG화학우
655,A052690,1,93600,한전기술
656,A053210,1,9770,스카이라이프
657,A053690,1,10700,한미글로벌
658,A055490,1,80000,테이팩스
659,A055550,1,37250,신한지주
660,A057050,1,67000,현대홈쇼핑
661,A058430,1,54900,포스코강판
662,A058650,1,106000,세아홀딩스
663,A058730,1,5050,다스코
664,A058850,1,2525,KTcs
665,A058860,1,2440,KTis
666,A060980,1,47650,한라홀딩스
667,A063160,1,38200,종근당바이오
668,A064350,1,21050,현대로템
669,A064960,1,48400,SNT모티브
670,A066570,1,117500,LG전자
671,A066575,1,60800,LG전자우
672,A067830,1,3030,세이브존I&C
673,A068270,1,212500,셀트리온
674,A068290,1,38100,삼성출판사
675,A068400,1,10900,SK렌터카
676,A069260,1,23500,휴켐스
677,A069460,1,3770,대호에이엘
678,A069500,10,38625,KODEX 200
679,A069620,1,132000,대웅제약
680,A069640,1,4845,한세엠케이
681,A069660,10,38605,KOSEF 200
682,A069730,1,5000,DSR제강
683,A069960,1,78800,현대백화점
684,A070960,1,5900,용평리조트
685,A071050,1,85200,한국금융지주
686,A071055,1,67800,한국금융지주우
687,A071090,1,3010,하이스틸
688,A071320,1,40100,지역난방공사
689,A071840,1,25900,롯데하이마트
690,A071950,1,1200,코아스
691,A071970,1,4975,STX중공업
692,A072130,1,5180,유엔젤
693,A072710,1,77400,농심홀딩스
694,A073240,1,5220,금호타이어
695,A074610,1,3415,이엔플러스
696,A075180,1,5310,새론오토모티브
697,A075580,1,6470,세진중공업
698,A077500,1,10200,유니퀘스트
699,A077970,1,10250,STX엔진
700,A078000,1,11150,텔코웨어
701,A078520,1,7330,에이블씨엔씨
702,A078930,1,41850,GS
703,A078935,1,36900,GS우
704,A079160,1,28700,CJ CGV
705,A079430,1,16100,현대리바트
706,A079550,1,47950,LIG넥스원
707,A079980,1,9370,휴비스
708,A081000,1,35150,일진다이아
709,A081660,1,36650,휠라홀딩스
710,A082640,1,6850,동양생명
711,A082740,1,8080,HSD엔진
712,A083420,1,9530,그린케미칼
713,A084010,1,15650,대한제강
714,A084670,1,20150,동양고속
715,A084680,1,2250,이월드
716,A084690,1,9440,대상홀딩스
717,A084695,1,11300,대상홀딩스우
718,A084870,1,2600,TBH글로벌
719,A085310,1,1045,엔케이
720,A085620,1,4050,미래에셋생명
721,A086280,1,153500,현대글로비스
722,A086790,1,43200,하나금융지주
723,A088260,3,6040,이리츠코크렙
724,A088350,1,3280,한화생명
725,A088790,1,3210,진도
726,A088980,5,13750,맥쿼리인프라
727,A089470,1,5530,HDC현대EP
728,A089590,1,20650,제주항공
729,A089860,1,37850,롯데렌탈
730,A090080,1,1860,평화산업
731,A090350,1,12150,노루페인트
732,A090355,1,21500,노루페인트우
733,A090370,1,995,메타랩스
734,A090430,1,183000,아모레퍼시픽
735,A090435,1,68700,아모레퍼시픽우
736,A091090,1,1080,세원이앤씨
737,A091160,10,33095,KODEX 반도체
738,A091170,10,7380,KODEX 은행
739,A091180,10,20980,KODEX 자동차
740,A091220,10,7725,TIGER 은행
741,A091230,10,34055,TIGER 반도체
742,A091810,1,3885,티웨이항공
743,A092200,1,4715,디아이씨
744,A092220,1,2510,KEC
745,A092230,1,64100,KPX홀딩스
746,A092440,1,4520,기신정기
747,A092780,1,6870,동양피스톤
748,A093050,1,19200,LF
749,A093230,1,315,이아이디
750,A093240,1,3430,형지엘리트
751,A093370,1,21700,후성
752,A094280,1,21250,효성ITX
753,A094800,2,4955,맵스리얼티1
754,A095570,1,5460,AJ네트웍스
755,A095720,1,3650,웅진씽크빅
756,A096300,2,260,베트남개발1
757,A096760,1,3605,JW홀딩스
758,A096770,1,222500,SK이노베이션
759,A096775,1,137500,SK이노베이션우
760,A097230,1,8880,한진중공업
761,A097520,1,46450,엠씨넥스
762,A097950,1,366000,CJ제일제당
763,A097955,1,186000,CJ제일제당 우
764,A098560,10,9785,TIGER 방송통신
765,A099140,10,19105,KODEX 차이나H
766,A100220,1,8500,비상교육
767,A100250,1,3715,진양홀딩스
768,A100840,1,21300,SNT에너지
769,A100910,10,6120,KOSEF KRX100
770,A101060,1,1905,SBS미디어홀딩스
771,A101140,1,3660,인바이오젠
772,A101280,10,17160,KODEX 일본TOPIX100
773,A101530,1,8200,해태제과식품
774,A102110,10,38650,TIGER 200
775,A102260,1,5280,동성케미컬
776,A102280,1,731,쌍방울
777,A102460,1,42550,이연제약
778,A102780,10,9640,KODEX 삼성그룹
779,A102960,10,6040,KODEX 기계장비
780,A102970,10,7840,KODEX 증권
781,A103140,1,31400,풍산
782,A103590,1,5100,일진전기
783,A104520,10,9840,KOSEF 블루칩
784,A104530,10,9330,KOSEF 고배당
785,A104700,1,8400,한국철강
786,A105010,10,3305,TIGER 라틴35
787,A105190,10,38845,KINDEX 200
788,A105560,1,55900,KB금융
789,A105630,1,23950,한세실업
790,A105780,10,7710,KBSTAR 5대그룹주
791,A105840,1,9860,우진
792,A107590,1,139000,미원홀딩스
793,A108450,10,16080,KINDEX 삼성그룹섹터가중
794,A108590,10,39525,TREX 200
795,A108670,1,65200,LX하우시스
796,A108675,1,31450,LX하우시스우
797,A109070,1,4100,컨버즈
798,A111110,1,9860,호전실업
799,A111770,1,42300,영원무역
800,A112610,1,61700,씨에스윈드
801,A114090,1,15000,GKL
802,A114100,10,111495,KBSTAR 국고채3년
803,A114260,10,57450,KODEX 국고채3년
804,A114460,10,105420,KINDEX 국고채3년
805,A114470,10,110960,KOSEF 국고채3년
806,A114800,10,4140,KODEX 인버스
807,A114820,10,109295,TIGER 국채3년
808,A115390,1,9920,락앤락
809,A117460,10,18845,KODEX 에너지화학
810,A117580,1,8220,대성에너지
811,A117680,10,8240,KODEX 철강
812,A117690,10,15850,TIGER 차이나항셍25
813,A117700,10,3405,KODEX 건설
814,A118000,1,1465,우리들휴브레인
815,A119650,1,6430,KC코트렐
816,A120030,1,102000,조선선재
817,A120110,1,79100,코오롱인더
818,A120115,1,36300,코오롱인더우
819,A122090,10,27220,ARIRANG 코스피50
820,A122260,10,101235,KOSEF 통안채1년
821,A122630,10,22645,KODEX 레버리지
822,A122900,1,10950,아이마켓코리아
823,A123310,10,4585,TIGER 인버스
824,A123320,10,21500,TIGER 레버리지
825,A123690,1,9590,한국화장품
826,A123700,1,4385,SJM
827,A123890,1,4435,한국자산신탁
828,A126560,1,4315,현대퓨처넷
829,A128820,1,4580,대성산업
830,A128940,1,266000,한미약품
831,A129260,1,3300,인터지스
832,A130660,1,15100,한전산업
833,A130680,10,3775,TIGER 원유선물Enhanced(H)
834,A130730,10,101275,KOSEF 단기자금
835,A131890,10,16780,KINDEX 삼성그룹동일가중
836,A132030,10,12545,KODEX 골드선물(H)
837,A133690,10,84825,TIGER 미국나스닥100
838,A133820,1,3020,화인베스틸
839,A134380,1,78900,미원화학
840,A134790,1,64100,시디즈
841,A136340,10,104060,KBSTAR 중기우량회사채
842,A136490,1,12050,선진
843,A137310,1,44400,에스디바이오센서
844,A137610,10,6660,TIGER 농산물선물Enhanced(H)
845,A137930,10,14360,마이다스 200커버드콜5%OTM
846,A138040,1,34300,메리츠금융지주
847,A138230,10,12405,KOSEF 미국달러선물
848,A138250,1,13050,엔에스쇼핑
849,A138490,1,13900,코오롱플라스틱
850,A138520,10,11380,TIGER 삼성그룹펀더멘털
851,A138530,10,10415,TIGER LG그룹+펀더멘털
852,A138540,10,24035,TIGER 현대차그룹+펀더멘털
853,A138910,10,8005,KODEX 구리선물(H)
854,A138920,10,10625,KODEX 콩선물(H)
855,A138930,1,8420,BNK금융지주
856,A139130,1,9680,DGB금융지주
857,A139220,10,3040,TIGER 200 건설
858,A139230,10,3400,TIGER 200 중공업
859,A139240,10,8480,TIGER 200 철강소재
860,A139250,10,19025,TIGER 200 에너지화학
861,A139260,10,34890,TIGER 200 IT
862,A139270,10,6900,TIGER 200 금융
863,A139280,10,10935,TIGER 경기방어
864,A139290,10,17400,TIGER 200 경기소비재
865,A139310,10,7030,TIGER 금속선물(H)
866,A139320,10,9820,TIGER 금은선물(H)
867,A139480,1,158500,이마트
868,A139660,10,10090,KOSEF 미국달러선물인버스
869,A139990,1,16850,아주스틸
870,A140570,10,12180,KBSTAR 수출주
871,A140580,10,12110,KBSTAR 우량업종
872,A140700,10,6520,KODEX 보험
873,A140710,10,5785,KODEX 운송
874,A140910,3,11250,에이리츠
875,A140950,10,29755,파워 코스피100
876,A143210,1,5140,핸즈코퍼레이션
877,A143460,10,9260,KINDEX 밸류대형
878,A143850,10,54405,TIGER 미국S&P500선물(H)
879,A143860,10,35700,TIGER 헬스케어
880,A144600,10,5115,KODEX 은선물(H)
881,A145210,1,468,다이나믹디자인
882,A145270,3,1570,케이탑리츠
883,A145670,10,5075,KINDEX 인버스
884,A145720,1,57100,덴티움
885,A145850,10,38905,TREX 펀더멘탈 200
886,A145990,1,65500,삼양사
887,A145995,1,42300,삼양사우
888,A147970,10,23795,TIGER 모멘텀
889,A148020,10,38705,KBSTAR 200
890,A148070,10,118420,KOSEF 국고채10년
891,A150460,10,8170,TIGER 중국소비테마
892,A152100,10,39195,ARIRANG 200
893,A152380,10,68215,KODEX 국채선물10년
894,A152500,10,8925,KINDEX 레버리지
895,A152550,2,1605,한국ANKOR유전
896,A152870,10,39535,파워 200
897,A153130,10,102975,KODEX 단기채권
898,A153270,10,29190,KOSEF 코스피100
899,A153360,4,2615,하이골드3호
900,A155660,1,5590,DSR
901,A155900,4,3050,바다로19호
902,A156080,10,17900,KODEX MSCI Korea
903,A157450,10,100410,TIGER 단기통안채
904,A157490,10,18310,TIGER 소프트웨어
905,A157500,10,4620,TIGER 증권
906,A159800,10,29135,마이티 코스피100
907,A160580,10,10625,TIGER 구리실물
908,A161000,1,12050,애경유화
909,A161390,1,40700,한국타이어앤테크놀로지
910,A161510,10,12405,ARIRANG 고배당주
911,A161890,1,41900,한국콜마
912,A163560,1,8110,동일고무벨트
913,A166400,10,14425,TIGER 200커버드콜5%OTM
914,A167860,10,124400,KOSEF 국고채10년레버리지
915,A168300,10,27240,KTOP 코스피50
916,A168490,2,2145,한국패러랠
917,A168580,10,31750,KINDEX 중국본토CSI300
918,A169950,10,22580,KODEX 차이나A50
919,A170900,1,71300,동아에스티
920,A172580,4,2690,하이골드12호
921,A174350,10,12060,TIGER 로우볼
922,A174360,10,21275,KBSTAR 중국본토대형주CSI100
923,A175330,1,8270,JB금융지주
924,A176710,10,98910,파워 중기국고채
925,A176950,10,48100,KODEX 국채선물10년인버스
926,A178920,1,43500,PI첨단소재
927,A180640,1,57300,한진칼
928,A18064K,1,35700,한진칼우
929,A181480,10,100070,KINDEX 미국다우존스리츠(합성 H)
930,A181710,1,93400,NHN
931,A182480,10,15790,TIGER 미국MSCI리츠(합성 H)
932,A182490,10,12585,TIGER 단기선진하이일드(합성 H)
933,A183190,1,126000,아세아시멘트
934,A183700,10,61885,KBSTAR 채권혼합
935,A183710,10,41805,KBSTAR 주식혼합
936,A185680,10,32530,KODEX 미국S&P바이오(합성)
937,A185750,1,113000,종근당
938,A189400,10,18260,ARIRANG 글로벌MSCI(합성 H)
939,A190620,10,100565,KINDEX 단기통안채
940,A192080,1,72800,더블유게임즈
941,A192090,10,11925,TIGER 차이나CSI300
942,A192400,1,19300,쿠쿠홀딩스
943,A192650,1,9900,드림텍
944,A192720,10,29915,파워 고배당저변동성
945,A192820,1,105500,코스맥스
946,A194370,1,23850,제이에스코퍼레이션
947,A195870,1,45550,해성디에스
948,A195920,10,16690,TIGER 일본TOPIX(합성 H)
949,A195930,10,14780,TIGER 유로스탁스50(합성 H)
950,A195970,10,12410,ARIRANG 선진국MSCI(합성 H)
951,A195980,10,12120,ARIRANG 신흥국MSCI(합성 H)
952,A196030,10,22740,KINDEX 일본TOPIX레버리지(H)
953,A196230,10,104665,KBSTAR 단기통안채
954,A200030,10,21970,KODEX 미국S&P산업재(합성)
955,A200250,10,19360,KOSEF 인도Nifty50(합성)
956,A200880,1,6810,서연이화
957,A203780,10,21120,TIGER 미국나스닥바이오
958,A204210,3,4415,모두투어리츠
959,A204320,1,61600,만도
960,A204450,10,4785,KODEX 차이나H레버리지(H)
961,A204480,10,31775,TIGER 차이나CSI300레버리지(합성)
962,A205720,10,4135,KINDEX 일본TOPIX인버스(합성 H)
963,A207940,1,819000,삼성바이오로직스
964,A208470,10,19530,SOL 선진국MSCI World(합성 H)
965,A210540,1,12400,디와이파워
966,A210780,10,15065,TIGER 코스피고배당
967,A210980,1,29450,SK디앤디
968,A211560,10,18565,TIGER 배당성장
969,A211900,10,14975,KODEX 배당성장
970,A213500,1,13750,한솔제지
971,A213610,10,8955,KODEX 삼성그룹밸류
972,A213630,10,15820,ARIRANG 미국다우존스고배당주(합성 H)
973,A214320,1,58600,이노션
974,A214330,1,2430,금호에이치티
975,A214390,1,9160,경보제약
976,A214420,1,6120,토니모리
977,A214980,10,103280,KODEX 단기채권PLUS
978,A215620,10,12130,HK S&P코리아로우볼
979,A217770,10,5000,TIGER 원유선물인버스(H)
980,A217780,10,7380,TIGER 차이나CSI300인버스(합성)
981,A217790,10,22920,TIGER 가격조정
982,A218420,10,7960,KODEX 미국S&P에너지(합성)
983,A219390,10,4780,KBSTAR 미국S&P원유생산기업(합성 H)
984,A219480,10,22420,KODEX 미국S&P500선물(H)
985,A219900,10,5555,KINDEX 중국본토CSI300레버리지(합성)
986,A220130,10,6105,SOL 중국본토 중소형 CSI500(합성 H)
987,A223190,10,10395,KODEX 200가치저변동
988,A225030,10,3580,TIGER 미국S&P500선물인버스(H)
989,A225040,10,36575,TIGER 미국S&P500레버리지(합성 H)
990,A225050,10,11085,TIGER 유로스탁스레버리지(합성 H)
991,A225060,10,13575,TIGER 이머징마켓MSCI레버리지(합성 H)
992,A225130,10,17950,KINDEX 골드선물 레버리지(합성 H)
993,A225800,10,9540,KOSEF 미국달러선물레버리지
994,A226320,1,20100,잇츠한불
995,A226380,10,8280,KINDEX Fn성장소비주도주
996,A226490,10,29580,KODEX 코스피
997,A226980,10,13955,KODEX 200 중소형
998,A227540,10,21775,TIGER 200 헬스케어
999,A227550,10,6095,TIGER 200 산업재
1000,A227560,10,10335,TIGER 200 생활소비재
1001,A227570,10,12050,TIGER 우량가치
1002,A227830,10,29995,ARIRANG 코스피
1003,A227840,1,12350,현대코퍼레이션홀딩스
1004,A228790,10,3040,TIGER 화장품
1005,A228800,10,5235,TIGER 여행레저
1006,A228810,10,10645,TIGER 미디어컨텐츠
1007,A228820,10,10490,TIGER KTOP30
1008,A229200,10,14610,KODEX 코스닥 150
1009,A229640,1,8040,LS전선아시아
1010,A229720,10,21185,KODEX KTOP30
1011,A230480,10,7810,KOSEF 미국달러선물인버스2X
1012,A232080,10,14815,TIGER 코스닥150
1013,A233160,10,16365,TIGER 코스닥150 레버리지
1014,A233740,10,15360,KODEX 코스닥150 레버리지
1015,A234080,1,14550,JW생명과학
1016,A234310,10,15020,KBSTAR V&S셀렉트밸류
1017,A236350,10,26815,TIGER 인도니프티50레버리지(합성)
1018,A237350,10,29610,KODEX 코스피100
1019,A237370,10,11865,KODEX 배당성장채권혼합
1020,A237440,10,9590,TIGER 경기방어채권혼합
1021,A238670,10,10910,ARIRANG 스마트베타Quality채권혼합
1022,A238720,10,19230,KINDEX 일본Nikkei225(H)
1023,A239660,10,108490,ARIRANG 우량회사채50 1년
1024,A241180,10,18075,TIGER 일본니케이225
1025,A241390,10,12130,KBSTAR V&S셀렉트밸류채권혼합
1026,A241560,1,43050,두산밥캣
1027,A241590,1,16800,화승엔터프라이즈
1028,A243880,10,54045,TIGER 200IT레버리지
1029,A243890,10,18440,TIGER 200에너지화학레버리지
1030,A244580,10,12280,KODEX 바이오
1031,A244620,10,12810,KODEX 모멘텀Plus
1032,A244660,10,10375,KODEX 퀄리티Plus
1033,A244670,10,9520,KODEX 밸류Plus
1034,A244920,1,11550,에이플러스에셋
1035,A245340,10,21635,TIGER 미국다우존스30
1036,A245350,10,13280,TIGER 유로스탁스배당30
1037,A245360,10,11260,TIGER 차이나HSCEI
1038,A245710,10,23220,KINDEX 베트남VN30(합성)
1039,A248070,1,25250,솔루엠
1040,A248170,1,42750,샘표식품
1041,A248260,10,11395,TIGER 일본TOPIX헬스케어(합성)
1042,A248270,10,18620,TIGER S&P글로벌헬스케어(합성)
1043,A249420,1,15050,일동제약
1044,A250730,10,10375,KBSTAR 차이나HSCEI(H)
1045,A250780,10,4365,TIGER 코스닥150선물인버스
1046,A251270,1,135000,넷마블
1047,A251340,10,4255,KODEX 코스닥150선물인버스
1048,A251350,10,21320,KODEX 선진국MSCI World
1049,A251590,10,11365,ARIRANG 고배당저변동50
1050,A251600,10,11070,ARIRANG 고배당주채권혼합
1051,A251890,10,14175,KINDEX 코스닥(합성)
1052,A252000,10,12370,TIGER 200동일가중
1053,A252400,10,20605,KBSTAR 200선물레버리지
1054,A252410,10,5355,KBSTAR 200선물인버스
1055,A252420,10,2325,KBSTAR 200선물인버스2X
1056,A252650,10,12120,KODEX 200동일가중
1057,A252670,10,2320,KODEX 200선물인버스2X
1058,A252710,10,2420,TIGER 200선물인버스2X
1059,A252720,10,13775,KBSTAR 모멘텀밸류
1060,A252730,10,15730,KBSTAR 모멘텀로우볼
1061,A253150,10,40870,ARIRANG 200선물레버리지
1062,A253160,10,4640,ARIRANG 200선물인버스2X
1063,A253230,10,2295,KOSEF 200선물인버스2X
1064,A253240,10,5365,KOSEF 200선물인버스
1065,A253250,10,20360,KOSEF 200선물레버리지
1066,A253280,10,13620,KBSTAR 헬스케어
1067,A253290,10,11765,KBSTAR 헬스케어채권혼합
1068,A256440,10,9360,KINDEX 인도네시아MSCI(합성)
1069,A256450,10,15300,ARIRANG 심천차이넥스트(합성)
1070,A256750,10,15300,KODEX 차이나심천ChiNext(합성)
1071,A259960,1,540000,크래프톤
1072,A261060,10,16315,TIGER 코스닥150IT
1073,A261070,10,10240,TIGER 코스닥150바이오테크
1074,A261110,10,10110,TIGER 미국달러선물레버리지
1075,A261120,10,8860,TIGER 미국달러선물인버스2X
1076,A261140,10,13275,TIGER 우선주
1077,A261220,10,12480,KODEX WTI원유선물(H)
1078,A261240,10,10445,KODEX 미국달러선물
1079,A261250,10,10020,KODEX 미국달러선물레버리지
1080,A261260,10,8885,KODEX 미국달러선물인버스2X
1081,A261270,10,9695,KODEX 미국달러선물인버스
1082,A261920,10,14965,KINDEX 필리핀MSCI(합성)
1083,A264900,1,10050,크라운제과
1084,A26490K,1,14400,크라운제과우
1085,A265690,10,36440,KINDEX 러시아MSCI(합성)
1086,A266160,10,12150,KBSTAR 고배당
1087,A266360,10,27250,KODEX 미디어&엔터테인먼트
1088,A266370,10,19900,KODEX IT
1089,A266390,10,11800,KODEX 경기소비재
1090,A266410,10,8615,KODEX 필수소비재
1091,A266420,10,15595,KODEX 헬스케어
1092,A266550,10,11670,ARIRANG 중형주저변동50
1093,A267250,1,59900,현대중공업지주
1094,A267260,1,23950,현대일렉트릭
1095,A267270,1,40000,현대건설기계
1096,A267290,1,22300,경동도시가스
1097,A267440,10,11750,KBSTAR 미국장기국채선물(H)
1098,A267450,10,7840,KBSTAR 미국장기국채선물인버스(H)
1099,A267490,10,13095,KBSTAR 미국장기국채선물레버리지(합성 H)
1100,A267500,10,5955,KBSTAR 미국장기국채선물인버스2X(합성 H)
1101,A267770,10,17040,TIGER 200선물레버리지
1102,A267850,1,18250,아시아나IDT
1103,A268280,1,212500,미원에스씨
1104,A269370,10,11360,TIGER S&P글로벌인프라(합성)
1105,A269420,10,12750,KODEX S&P글로벌인프라(합성)
1106,A269530,10,12430,ARIRANG S&P글로벌인프라
1107,A269540,10,19225,ARIRANG 미국S&P500(H)
1108,A270800,10,14745,KBSTAR KQ고배당
1109,A270810,10,14540,KBSTAR 코스닥150
1110,A271050,10,7135,KODEX WTI원유선물인버스(H)
1111,A271060,10,11100,KODEX 3대농산물선물(H)
1112,A271560,1,110500,오리온
1113,A271940,1,67000,일진하이솔루스
1114,A271980,1,32800,제일약품
1115,A272210,1,15000,한화시스템
1116,A272220,10,16435,KINDEX 스마트모멘텀
1117,A272230,10,14630,KINDEX 스마트밸류
1118,A272450,1,20550,진에어
1119,A272550,1,22500,삼양패키징
1120,A272560,10,102215,KBSTAR 단기국공채액티브
1121,A272570,10,102125,KBSTAR 중장기국공채액티브
1122,A272580,10,50205,TIGER 단기채권액티브
1123,A272910,10,99800,KINDEX 중장기국공채액티브
1124,A273130,10,107640,KODEX 종합채권(AA-이상)액티브
1125,A273140,10,102815,KODEX 단기변동금리부채권액티브
1126,A275280,10,12730,KODEX MSCI모멘텀
1127,A275290,10,12085,KODEX MSCI밸류
1128,A275300,10,10555,KODEX MSCI퀄리티
1129,A275750,10,4495,KBSTAR 코스닥150선물인버스
1130,A275980,10,19550,TIGER 글로벌4차산업혁신기술(합성 H)
1131,A276000,10,13835,TIGER 글로벌자원생산기업(합성 H)
1132,A276650,10,24505,KBSTAR 글로벌4차산업IT(합성 H)
1133,A276970,10,10425,KODEX 미국S&P고배당커버드콜(합성 H)
1134,A276990,10,19705,KODEX 글로벌4차산업로보틱스(합성)
1135,A277540,10,14680,KINDEX S&P아시아TOP50
1136,A277630,10,29755,TIGER 코스피
1137,A277640,10,14120,TIGER 코스피대형주
1138,A277650,10,16795,TIGER 코스피중형주
1139,A278240,10,15800,KBSTAR 코스닥150선물레버리지
1140,A278420,10,9110,ARIRANG ESG우수기업
1141,A278530,10,12680,KODEX 200TR
1142,A278540,10,12330,KODEX MSCI Korea TR
1143,A278620,10,105925,ARIRANG 단기채권액티브
1144,A279530,10,10050,KODEX 고배당
1145,A279540,10,11795,KODEX 최소변동성
1146,A280320,10,21200,KINDEX 미국IT인터넷S&P(합성 H)
1147,A280360,1,121000,롯데제과
1148,A280920,10,10965,ARIRANG 주도업종
1149,A280930,10,15585,KODEX 미국러셀2000(H)
1150,A280940,10,7010,KODEX 골드선물인버스(H)
1151,A281820,1,21100,케이씨텍
1152,A281990,10,11995,KBSTAR 중소형고배당
1153,A282000,10,101065,KBSTAR 국고채3년선물인버스
1154,A282330,1,162500,BGF리테일
1155,A282690,1,13650,동아타이어
1156,A283580,10,14450,KODEX 차이나CSI300
1157,A284430,10,13065,KODEX 200미국채혼합
1158,A284740,1,38750,쿠쿠홈시스
1159,A284980,10,8810,KBSTAR 200금융
1160,A284990,10,12670,KBSTAR 200에너지화학
1161,A285000,10,15515,KBSTAR 200IT
1162,A285010,10,10490,KBSTAR 200중공업
1163,A285020,10,8210,KBSTAR 200철강소재
1164,A285130,1,147000,SK케미칼
1165,A28513K,1,84300,SK케미칼우
1166,A285690,10,10940,FOCUS ESG리더스
1167,A286940,1,37700,롯데정보통신
1168,A287180,10,26460,ARIRANG 미국나스닥기술주
1169,A287300,10,12295,KBSTAR 200건설
1170,A287310,10,10785,KBSTAR 200경기소비재
1171,A287320,10,10900,KBSTAR 200산업재
1172,A287330,10,7890,KBSTAR 200생활소비재
1173,A289040,10,11550,KODEX MSCI KOREA ESG유니버설
1174,A289250,10,11650,TIGER MSCI KOREA ESG유니버설
1175,A289260,10,11115,TIGER MSCI KOREA ESG리더스
1176,A289480,10,10900,TIGER 200커버드콜ATM
1177,A289670,10,55150,ARIRANG 국채선물10년
1178,A290080,10,8220,KBSTAR 200고배당커버드콜ATM
1179,A290130,10,12605,KBSTAR ESG사회책임투자
1180,A291130,10,10360,KINDEX 멕시코MSCI(합성)
1181,A291620,10,7735,KOSEF 코스닥150선물인버스
1182,A291630,10,6770,KOSEF 코스닥150선물레버리지
1183,A291680,10,10845,KBSTAR 차이나H선물인버스(H)
1184,A291890,10,10150,KODEX MSCI EM선물(H)
1185,A292050,10,18210,KBSTAR KRX300
1186,A292150,10,13340,TIGER TOP10
1187,A292160,10,17870,TIGER KRX300
1188,A292190,10,18015,KODEX KRX300
1189,A292340,10,9970,마이티 200커버드콜ATM레버리지
1190,A292500,10,17915,SOL KRX300
1191,A292560,10,10235,TIGER 일본엔선물
1192,A292730,10,18020,FOCUS KRX300
1193,A292750,10,17865,ARIRANG KRX300
1194,A292770,10,50370,KODEX 국채선물3년인버스
1195,A293180,10,38635,HANARO 200
1196,A293480,1,19650,하나제약
1197,A293940,3,8000,신한알파리츠
1198,A294400,10,46065,KOSEF 200TR
1199,A294870,1,23150,HDC현대산업개발
1200,A295000,10,54330,KBSTAR 국채선물10년
1201,A295020,10,48680,KBSTAR 국채선물10년인버스
1202,A295040,10,13175,SOL 200TR
1203,A295820,10,11065,ARIRANG 200동일가중
1204,A298000,1,238000,효성화학
1205,A298020,1,534000,효성티앤씨
1206,A298040,1,66900,효성중공업
1207,A298050,1,622000,효성첨단소재
1208,A298340,10,52920,ARIRANG 국채선물3년
1209,A298690,1,2595,에어부산
1210,A298770,10,19795,KODEX 한국대만IT프리미어
1211,A299070,10,97630,KINDEX 국채선물10년인버스
1212,A299080,10,100740,KINDEX 국채선물3년인버스
1213,A300610,10,19820,TIGER K게임
1214,A300640,10,22935,KBSTAR 게임테마
1215,A300720,1,20600,한일시멘트
1216,A300950,10,18455,KODEX 게임산업
1217,A301400,10,14590,ARIRANG 코스닥150
1218,A301410,10,6750,ARIRANG 코스닥150선물인버스
1219,A301440,10,12285,ARIRANG 코스피중형주
1220,A302170,10,50455,TIGER 국채선물3년인버스
1221,A302180,10,49380,TIGER 국채선물10년인버스
1222,A302190,10,51605,TIGER 중장기국채
1223,A302440,1,223000,SK바이오사이언스
1224,A302450,10,29430,KBSTAR 코스피
1225,A304660,10,12625,KODEX 미국채울트라30년선물(H)
1226,A304670,10,7220,KODEX 미국채울트라30년선물인버스(H)
1227,A304760,10,17750,HANARO KRX300
1228,A304770,10,14640,HANARO 코스닥150
1229,A304780,10,24715,HANARO 200선물레버리지
1230,A304940,10,20345,KODEX 미국나스닥100선물(H)
1231,A305050,10,29640,KINDEX 코스피
1232,A305080,10,11985,TIGER 미국채10년선물
1233,A305540,10,23690,TIGER 2차전지테마
1234,A305720,10,24035,KODEX 2차전지산업
1235,A306200,1,93300,세아제강
1236,A306520,10,9540,HANARO 200선물인버스
1237,A306530,10,13640,HANARO 코스닥150선물레버리지
1238,A306950,10,17775,KODEX KRX300레버리지
1239,A307010,10,17790,KBSTAR KRX300레버리지
1240,A307510,10,17205,TIGER 의료기기
1241,A307520,10,10800,TIGER 지주회사
1242,A307950,1,112500,현대오토에버
1243,A308170,1,27100,센트랄모텍
1244,A308620,10,11755,KODEX 미국채10년선물
1245,A309210,10,10900,ARIRANG KRX300헬스케어
1246,A309230,10,18375,KINDEX 미국WideMoat가치주
1247,A310080,10,11970,KBSTAR 중국MSCI China(H)
1248,A310960,10,20660,TIGER 200TR
1249,A310970,10,15475,TIGER MSCI Korea TR
1250,A314250,10,30840,KODEX 미국FANG플러스(H)
1251,A314700,10,12235,HANARO 농업융복합산업
1252,A315270,10,33720,TIGER 200커뮤니케이션서비스
1253,A315480,10,20950,KBSTAR 200커뮤니케이션서비스
1254,A315930,10,18060,KODEX Top5PlusTR
1255,A315960,10,15305,KBSTAR 대형고배당10TR
1256,A316140,1,13100,우리금융지주
1257,A316300,10,12415,KINDEX 싱가포르리츠
1258,A316670,10,7280,KOSEF 코스닥150
1259,A317400,1,9250,자이에스앤디
1260,A319640,10,13405,TIGER 골드선물(H)
1261,A319870,10,15105,KBSTAR KRX300미국달러선물혼합
1262,A321410,10,10995,KODEX 멀티에셋하이인컴(H)
1263,A322000,1,20400,현대에너지솔루션
1264,A322120,10,17505,KINDEX 스마트퀄리티
1265,A322130,10,16225,KINDEX 스마트로우볼
1266,A322150,10,14100,KINDEX 스마트하이베타
1267,A322400,10,18545,HANARO e커머스
1268,A322410,10,10925,HANARO 고배당
1269,A323410,1,59100,카카오뱅크
1270,A325010,10,17310,KODEX Fn성장
1271,A325020,10,12750,KODEX 배당가치
1272,A326030,1,99900,SK바이오팜
1273,A326230,10,9920,KBSTAR 내수주플러스
1274,A326240,10,21885,KBSTAR IT플러스
1275,A328370,10,14705,ARIRANG 코스피TR
1276,A329180,1,112000,현대중공업
1277,A329200,10,5945,TIGER 부동산인프라고배당
1278,A329650,10,11485,KODEX TRF3070
1279,A329660,10,12630,KODEX TRF5050
1280,A329670,10,13790,KODEX TRF7030
1281,A329750,10,10110,TIGER 미국달러단기채권액티브
1282,A330590,3,5610,롯데리츠
1283,A331910,10,23550,KOSEF Fn중소형
1284,A332500,10,23620,KINDEX 200TR
1285,A332610,10,99990,ARIRANG 미국단기우량회사채
1286,A332620,10,106380,ARIRANG 미국장기우량회사채
1287,A332930,10,46135,HANARO 200TR
1288,A332940,10,15510,HANARO MSCI Korea TR
1289,A333940,10,13160,ARIRANG KS로우볼가중TR
1290,A333950,10,16625,ARIRANG KS로우사이즈가중TR
1291,A333960,10,15100,ARIRANG KS모멘텀가중TR
1292,A333970,10,15385,ARIRANG KS밸류가중TR
1293,A333980,10,15140,ARIRANG KS퀄리티가중TR
1294,A334690,10,11645,KBSTAR 팔라듐선물(H)
1295,A334700,10,5460,KBSTAR 팔라듐선물인버스(H)
1296,A334890,3,5890,이지스밸류리츠
1297,A336160,10,102150,KBSTAR 금융채액티브
1298,A336260,1,51600,두산퓨얼셀
1299,A33626K,1,15200,두산퓨얼셀1우
1300,A33626L,1,19100,두산퓨얼셀2우B
1301,A336370,1,95800,솔루스첨단소재
1302,A33637K,1,22800,솔루스첨단소재1우
1303,A33637L,1,30150,솔루스첨단소재2우B
1304,A337120,10,13685,KODEX Fn멀티팩터
1305,A337140,10,13610,KODEX 코스피대형주
1306,A337150,10,13505,KODEX 200exTOP
1307,A337160,10,13775,KODEX 200ESG
1308,A338100,3,4910,NH프라임리츠
1309,A339770,1,17000,교촌에프앤비
1310,A341850,10,5755,TIGER KIS부동산인프라채권TR
1311,A342140,10,10030,KINDEX 모닝스타싱가포르리츠채권혼합
1312,A342500,10,51225,KBSTAR KRX국채선물3년10년스티프너
1313,A342600,10,51795,KBSTAR KRX국채선물3년10년스티프너2X
1314,A342610,10,49930,KBSTAR KRX국채선물3년10년플래트너
1315,A342620,10,49260,KBSTAR KRX국채선물3년10년플래트너2X
1316,A344820,1,56900,KCC글라스
1317,A346000,10,44815,HANARO KAP초장기국고채
1318,A348950,3,5440,제이알글로벌리츠
1319,A350520,3,5400,이지스레지던스리츠
1320,A352540,10,13000,KODEX TSE일본리츠(H)
1321,A352560,10,14990,KODEX 다우존스미국리츠(H)
1322,A352820,1,389000,하이브
1323,A353200,1,20150,대덕전자
1324,A35320K,1,14550,대덕전자1우
1325,A354240,10,10860,KBSTAR 미국고정배당우선증권ICE TR
1326,A354350,10,19980,HANARO 글로벌럭셔리S&P(합성)
1327,A354500,10,14685,KINDEX 코스닥150
1328,A356540,10,97535,KINDEX KIS종합채권(AA-이상)액티브
1329,A357120,3,6730,코람코에너지리츠
1330,A357250,3,5080,미래에셋맵스리츠
1331,A357870,10,50485,TIGER CD금리투자KIS(합성)
1332,A359210,10,13525,KODEX 코스피TR
1333,A360140,10,10280,KODEX 200롱코스닥150숏선물
1334,A360150,10,9055,KODEX 코스닥150롱코스피200숏선물
1335,A360200,10,13920,KINDEX 미국S&P500
1336,A360750,10,13815,TIGER 미국S&P500
1337,A361580,10,19875,KBSTAR 200TR
1338,A361590,10,13735,KBSTAR 코스피ex200
1339,A361610,1,161000,SK아이이테크놀로지
1340,A363280,1,25000,티와이홀딩스
1341,A36328K,1,22300,티와이홀딩스우
1342,A363510,10,100495,SOL KIS단기통안채
1343,A363570,10,94680,KODEX 장기종합채권(AA-이상)액티브KAP
1344,A363580,10,13120,KODEX 200IT TR
1345,A364690,10,12705,KODEX 혁신기술테마액티브
1346,A364960,10,12405,TIGER KRX BBIG K-뉴딜
1347,A364970,10,8440,TIGER KRX바이오K-뉴딜
1348,A364980,10,17585,TIGER KRX2차전지K-뉴딜
1349,A364990,10,13955,TIGER KRX게임K-뉴딜
1350,A365000,10,11800,TIGER KRX인터넷K-뉴딜
1351,A365040,10,12960,TIGER AI코리아그로스액티브
1352,A365550,3,6500,ESR켄달스퀘어리츠
1353,A365780,10,95290,KINDEX 국고채10년
1354,A367380,10,14550,KINDEX 미국나스닥100
1355,A367740,10,12865,HANARO Fn5G산업
1356,A367760,10,9650,KBSTAR Fn5G테크
1357,A367770,10,11455,KBSTAR Fn수소경제테마
1358,A368190,10,12405,HANARO Fn K-뉴딜디지털플러스
1359,A368200,10,12370,KBSTAR Fn K-뉴딜디지털플러스
1360,A368470,10,14755,KINDEX Fn K-뉴딜디지털플러스
1361,A368590,10,14110,KBSTAR 미국나스닥100
1362,A368680,10,12385,KODEX Fn K-뉴딜디지털플러스
1363,A371130,10,22135,KINDEX 블룸버그베트남VN30선물레버리지(H)
1364,A371150,10,8455,KBSTAR 차이나항셍테크
1365,A371160,10,8430,TIGER 차이나항셍테크
1366,A371450,10,12875,TIGER 글로벌클라우드컴퓨팅INDXX
1367,A371460,10,20130,TIGER 차이나전기차SOLACTIVE
1368,A371470,10,10845,TIGER 차이나바이오테크SOLACTIVE
1369,A371870,10,8320,KINDEX 차이나항셍테크
1370,A372330,10,8445,KODEX 차이나항셍테크
1371,A372910,1,7520,한컴라이프케어
1372,A373490,10,11285,KODEX K-이노베이션액티브
1373,A373530,10,9245,ARIRANG 신흥국MSCI인버스(합성 H)
1374,A373790,10,12100,KOSEF 미국방어배당성장나스닥
1375,A375270,10,12345,KBSTAR 글로벌데이터센터리츠나스닥(합성)
1376,A375500,1,127000,DL이앤씨
1377,A37550K,1,75100,DL이앤씨우
1378,A375760,10,9380,HANARO 탄소효율그린뉴딜
1379,A375770,10,9430,KODEX 탄소효율그린뉴딜
1380,A376250,10,9365,ARIRANG 탄소효율그린뉴딜
1381,A376410,10,9390,TIGER 탄소효율그린뉴딜
1382,A377190,3,5440,디앤디플랫폼리츠
1383,A377300,1,145500,카카오페이
1384,A377990,10,10010,TIGER Fn신재생에너지
1385,A378850,1,5540,화승알앤에이
1386,A379780,10,12020,KBSTAR 미국S&P500
1387,A379790,10,11150,KBSTAR 유로스탁스50(H)
1388,A379800,10,12105,KODEX 미국S&P500TR
1389,A379810,10,12455,KODEX 미국나스닥100TR
1390,A380340,10,8355,KINDEX Fn5G플러스
1391,A380440,1,2090,엔에이치스팩19호
1392,A381170,10,12675,TIGER 미국테크TOP10 INDXX
1393,A381180,10,11840,TIGER 미국필라델피아반도체나스닥
1394,A381560,10,9645,HANARO Fn전기&수소차
1395,A381570,10,10755,HANARO Fn친환경에너지
1396,A381970,1,23400,케이카
1397,A383220,1,937000,F&F
1398,A383800,1,8610,LX홀딩스
1399,A38380K,1,13150,LX홀딩스1우
1400,A385510,10,12250,KODEX K-신재생에너지액티브
1401,A385520,10,11080,KODEX K-미래차액티브
1402,A385540,10,99280,KBSTAR KIS종합채권(A-이상)액티브
1403,A385550,10,100135,KBSTAR KIS단기종합채권(AA-이상)액티브
1404,A385560,10,98650,KBSTAR KIS국고채30년Enhanced
1405,A385590,10,9345,네비게이터 ESG액티브
1406,A385600,10,11280,네비게이터 친환경자동차밸류체인액티브
1407,A385710,10,11935,TIMEFOLIO BBIG액티브
1408,A385720,10,10395,TIMEFOLIO Kstock액티브
1409,A387270,10,12540,TIGER 글로벌BBIG액티브
1410,A387280,10,11795,TIGER 퓨처모빌리티액티브
1411,A388280,10,10000,KBSTAR Fn컨택트대표
1412,A388420,10,9560,KBSTAR 비메모리반도체액티브
1413,A390390,10,11795,KODEX 미국반도체MV
1414,A390400,10,10220,KODEX 미국스마트모빌리티S&P
1415,A390950,10,100240,HANARO 단기채권액티브
1416,A391590,10,10880,KINDEX 미국스팩&IPO INDXX
1417,A391600,10,11530,KINDEX 미국친환경그린테마INDXX
1418,A391670,10,9405,HK 베스트일레븐액티브
1419,A391680,10,8870,HK 하이볼액티브
1420,A394340,10,11080,KOSEF 릭소글로벌디지털경제MSCI
1421,A394350,10,12485,KOSEF 릭소글로벌퓨처모빌리티MSCI
1422,A394660,10,11900,TIGER 글로벌자율주행&전기차SOLACTIVE
1423,A394670,10,12520,TIGER 글로벌리튬&2차전지SOLACTIVE(합성)
1424,A395150,10,10305,KODEX Fn웹툰&드라마
1425,A395160,10,9060,KODEX Fn시스템반도체
1426,A395170,10,8970,KODEX Fn Top10동일가중
1427,A395270,10,9105,HANARO Fn K-반도체
1428,A395280,10,11030,HANARO Fn K-게임
1429,A395290,10,11620,HANARO Fn K-POP&미디어
1430,A395400,3,6340,SK리츠
1431,A395750,10,9120,ARIRANG ESG가치주액티브
1432,A395760,10,9410,ARIRANG ESG성장주액티브
1433,A396500,10,8560,TIGER Fn반도체TOP10
1434,A396510,10,11170,TIGER 차이나클린에너지SOLACTIVE
1435,A396520,10,9960,TIGER 차이나반도체FACTSET
1436,A397410,10,51060,KBSTAR 국채선물5년추종인버스
1437,A397420,10,49030,KBSTAR 국채선물5년추종
1438,A399110,10,10695,SOL 미국S&P500ESG
1439,A399580,10,10360,KBSTAR 글로벌클린에너지S&P
1440,A400570,10,10150,KODEX 유럽탄소배출권선물ICE(H)
1441,A400580,10,10095,SOL 유럽탄소배출권선물S&P(H)
1442,A400590,10,10595,SOL 글로벌탄소배출권선물IHS(합성)
1443,A400970,10,12970,TIGER Fn메타버스
1444,A401170,10,12560,KBSTAR iSelect메타버스
1445,A401470,10,13395,KODEX K-메타버스액티브
1446,A401590,10,10480,HANARO 글로벌탄소배출권선물ICE(합성)
1447,A402460,10,11940,HANARO Fn K-메타버스MZ
1448,A402520,10,9665,FOCUS 혁신기업액티브
1449,A402970,10,10235,KINDEX 미국고배당S&P
1450,A403790,10,20110,마이다스 KoreaStock액티브
1451,A403990,10,9845,KBSTAR KRX기후변화솔루션
1452,A404120,10,9815,TIMEFOLIO 탄소중립액티브
1453,A404260,10,9820,KODEX KRX기후변화솔루션
1454,A404470,10,9865,HANARO KRX기후변화솔루션
1455,A404540,10,9870,TIGER KRX기후변화솔루션
1456,A404650,10,9795,SOL KRX기후변화솔루션
1457,A900140,13,3605,엘브이엠씨홀딩스
1458,A950210,6,21550,프레스티지바이오파마
1459,Q500001,17,0,신한 K200 USD 선물 바이셀 ETN
1460,Q500002,17,0,신한 USD K200 선물 바이셀 ETN
1461,Q500003,17,0,신한 인버스 WTI원유 선물 ETN(H)
1462,Q500004,17,0,신한 브렌트원유 선물 ETN(H)
1463,Q500005,17,0,신한 인버스 브렌트원유 선물 ETN(H)
1464,Q500006,17,0,신한 인버스 금 선물 ETN(H)
1465,Q500007,17,0,신한 인버스 은 선물 ETN(H)
1466,Q500008,17,0,신한 인버스 구리 선물 ETN(H)
1467,Q500009,17,0,신한 다우존스지수 선물 ETN(H)
1468,Q500010,17,0,신한 인버스 다우존스지수 선물 ETN(H)
1469,Q500011,17,0,신한 달러인덱스 선물 ETN(H)
1470,Q500012,17,0,신한 인버스 달러인덱스 선물 ETN(H)
1471,Q500013,17,0,신한 옥수수 선물 ETN(H)
1472,Q500014,17,0,신한 인버스 옥수수 선물 ETN(H)
1473,Q500015,17,0,신한 WTI원유 선물 ETN(H)
1474,Q500016,17,0,신한 금 선물 ETN(H)
1475,Q500017,17,0,신한 은 선물 ETN(H)
1476,Q500018,17,0,신한 구리 선물 ETN(H)
1477,Q500019,17,0,신한 레버리지 WTI원유 선물 ETN(H)
1478,Q500020,17,0,신한 레버리지 다우존스지수 선물 ETN(H)
1479,Q500023,17,0,신한 콩 선물 ETN(H)
1480,Q500024,17,0,신한 인버스 콩 선물 ETN(H)
1481,Q500027,17,0,신한 인버스 2X WTI원유 선물 ETN(H)
1482,Q500028,17,0,신한 인버스 2X 다우존스지수 선물 ETN(H)
1483,Q500029,17,0,신한 레버리지 은 선물 ETN(H)
1484,Q500030,17,0,신한 인버스 2X 은 선물 ETN(H)
1485,Q500032,17,0,신한 인버스 2X 천연가스 선물 ETN(H)
1486,Q500035,17,0,신한 레버리지 미국달러 선물 ETN
1487,Q500036,17,0,신한 인버스 2X 미국달러 선물 ETN
1488,Q500037,17,0,신한 레버리지 금 선물 ETN
1489,Q500038,17,0,신한 인버스 2X 금 선물 ETN
1490,Q500039,17,0,신한 코스피 콘도르 4/10% ETN
1491,Q500040,17,0,신한 레버리지 구리 선물 ETN
1492,Q500041,17,0,신한 인버스 2X 구리 선물 ETN
1493,Q500042,17,0,신한 코스피 콘도르 6/10% ETN
1494,Q500043,17,0,신한 코스피 콘도르 4/10% 콜 2204-01 ETN
1495,Q500044,17,0,신한 코스피 콘도르 6/10% 콜 2204-01 ETN
1496,Q500046,17,0,신한 코스피 월별 양매도 3% OTM ETN
1497,Q500047,17,0,신한 코스피 월별 양매도 5% OTM ETN
1498,Q500048,17,0,신한 코스피 월별 양매도 3% 콜 2206-1 ETN
1499,Q500049,17,0,신한 코스피 월별 양매도 5% 콜 2206-1 ETN
1500,Q500050,17,0,신한 레버리지 S&P500 선물 ETN
1501,Q500051,17,0,신한 인버스 2X S&P500 선물 ETN
1502,Q500053,17,0,신한 레버리지 천연가스 선물 ETN
1503,Q500054,17,0,신한 인버스 2X 천연가스 선물 ETN
1504,Q500055,17,0,신한 인버스 Russell 2000 ETN
1505,Q500056,17,0,신한 레버리지 Russell 2000 ETN
1506,Q500057,17,0,신한 인버스 2X Russell 2000 ETN
1507,Q500058,17,0,신한 S&P500 VIX S/T 선물 ETN C
1508,Q500059,17,0,신한 FnGuide 메타버스 ETN
1509,Q500060,17,0,신한 코스피 200 ETN
1510,Q500061,17,0,신한 인버스 코스피 200 선물 ETN
1511,Q500062,17,0,신한 코스닥 150 ETN
1512,Q500063,17,0,신한 인버스 코스닥 150 선물 ETN
1513,Q510001,17,0,대신 WTI원유 선물 ETN(H)
1514,Q510002,17,0,대신 아연선물 ETN(H)
1515,Q510003,17,0,대신 니켈선물 ETN(H)
1516,Q510004,17,0,대신 인버스 아연선물 ETN(H)
1517,Q510005,17,0,대신 2X 아연선물 ETN(H)
1518,Q510006,17,0,대신 인버스 니켈선물 ETN(H)
1519,Q510007,17,0,대신 2X 니켈선물 ETN(H)
1520,Q510008,17,0,대신 철광석 선물 ETN(H)
1521,Q510009,17,0,대신 인버스 철광석 선물 ETN(H)
1522,Q510010,17,0,대신 인버스 2X 니켈선물 ETN(H)
1523,Q510011,17,0,대신 골드 커버드콜 타겟 5%인컴 ETN(H)
1524,Q510014,17,0,대신 알루미늄 선물 ETN(H)
1525,Q510015,17,0,대신 밀 선물 ETN(H)
1526,Q510016,17,0,대신 천연가스 선물 ETN(H)
1527,Q510017,17,0,대신 2X 철광석 선물 ETN(H)
1528,Q520003,17,0,미래에셋 원자재 선물 ETN(H)
1529,Q520004,17,0,미래에셋 전기전자 Core5 ETN
1530,Q520005,17,0,미래에셋 인버스 전기전자 Core5 ETN
1531,Q520006,17,0,미래에셋 에너지화학 Core5 ETN
1532,Q520007,17,0,미래에셋 인버스 에너지화학 Core5 ETN
1533,Q520009,17,0,미래에셋 레버리지 원유선물혼합 ETN(H)
1534,Q520010,17,0,미래에셋 원유선물혼합 ETN(H)
1535,Q520011,17,0,미래에셋 인버스 원유선물혼합 ETN(H)
1536,Q520013,17,0,미래에셋 Q150 Core5 ETN
1537,Q520014,17,0,미래에셋 미디어엔터 Core5 ETN
1538,Q520015,17,0,미래에셋 인버스 미디어엔터 Core5 ETN
1539,Q520026,17,0,미래에셋 코스피 양매도 5% OTM ETN
1540,Q520030,17,0,미래에셋 KRX금현물 Auto-KO-C 2312-01 ETN
1541,Q520032,17,0,미래에셋 K200 Auto-KO-P 2206-01 ETN
1542,Q520033,17,0,미래에셋 레버리지 은 선물 ETN
1543,Q520034,17,0,미래에셋 인버스 2X 은 선물 ETN
1544,Q520035,17,0,미래에셋 KRX금 Auto-KO-C(참200) 2210 ETN
1545,Q520036,17,0,미래에셋 KRX 금Auto-KO-P(참100) 2210 ETN
1546,Q520037,17,0,미래에셋 코스피200 선물 ETN
1547,Q520038,17,0,미래에셋 인버스 코스피200 선물 ETN
1548,Q520039,17,0,미래에셋 코스닥150 선물 ETN
1549,Q520040,17,0,미래에셋 인버스 코스닥150 선물 ETN
1550,Q520041,17,0,미래에셋 코스닥150 Auto-KO-C 2212-01 ETN
1551,Q520042,17,0,미래에셋 코스닥150 Auto-KO-P 2212-01 ETN
1552,Q520043,17,0,미래에셋 S&P 유럽탄소배출권 선물 ETN
1553,Q530002,17,0,삼성 인버스 China A50 선물 ETN(H)
1554,Q530014,17,0,삼성 China A50 선물 ETN(H)
1555,Q530015,17,0,삼성 미국 대형 성장주 ETN(H)
1556,Q530016,17,0,삼성 미국 대형 가치주 ETN(H)
1557,Q530019,17,0,삼성 미국 대형 성장주 ETN
1558,Q530020,17,0,삼성 미국 대형 가치주 ETN
1559,Q530023,17,0,삼성 레버리지 China A50 선물 ETN(H)
1560,Q530031,17,0,삼성 레버리지 WTI원유 선물 ETN
1561,Q530036,17,0,삼성 인버스 2X WTI원유 선물 ETN
1562,Q530053,17,0,삼성 코스피 풋매도 ETN
1563,Q530055,17,0,삼성 레버리지 금 선물 ETN(H)
1564,Q530056,17,0,삼성 인버스 2X 금 선물 ETN(H)
1565,Q530060,17,0,삼성 코스피 양매도 5% OTM ETN
1566,Q530061,17,0,삼성 레버리지 은 선물 ETN(H)
1567,Q530062,17,0,삼성 인버스 2X 은 선물 ETN(H)
1568,Q530063,17,0,삼성 레버리지 구리 선물 ETN(H)
1569,Q530064,17,0,삼성 인버스 2X 구리 선물 ETN(H)
1570,Q530066,17,0,삼성 코스피 풋매도 4% OTM ETN
1571,Q530067,17,0,삼성 KRX 금현물 ETN
1572,Q530068,17,0,삼성 레버리지 천연가스 선물 ETN B
1573,Q530069,17,0,삼성 인버스 2X 천연가스 선물 ETN B
1574,Q530070,17,0,삼성 레버리지 나스닥 100 ETN(H)
1575,Q530071,17,0,삼성 인버스 2X 나스닥 100 ETN(H)
1576,Q530072,17,0,삼성 S&P500 VIX S/T 선물 ETN(H) C
1577,Q530073,17,0,삼성 HSCEI ETN(H)
1578,Q530074,17,0,삼성 인버스 HSCEI ETN(H)
1579,Q530075,17,0,삼성 레버리지 HSCEI ETN(H)
1580,Q530076,17,0,삼성 인버스 2X HSCEI ETN(H)
1581,Q530077,17,0,삼성 나스닥 100 ETN(H)
1582,Q530078,17,0,삼성 인버스 나스닥 100 ETN(H)
1583,Q530079,17,0,삼성 항셍테크 ETN(H)
1584,Q530080,17,0,삼성 인버스 항셍테크 ETN(H)
1585,Q530081,17,0,삼성 레버리지 항셍테크 ETN(H)
1586,Q530082,17,0,삼성 인버스 2X 항셍테크 ETN(H)
1587,Q530083,17,0,삼성 금 선물 ETN(H)
1588,Q530084,17,0,삼성 인버스 금 선물 ETN(H)
1589,Q530085,17,0,삼성 KRX BBIG K-뉴딜 ETN
1590,Q530086,17,0,삼성 레버리지 KRX BBIG K-뉴딜 ETN
1591,Q530087,17,0,삼성 KRX 2차전지 K-뉴딜 ETN
1592,Q530088,17,0,삼성 레버리지 KRX 2차전지 K-뉴딜 ETN
1593,Q530089,17,0,삼성 은 선물 ETN(H)
1594,Q530090,17,0,삼성 인버스 은 선물 ETN(H)
1595,Q530091,17,0,삼성 코스피 200 ETN
1596,Q530092,17,0,삼성 인버스 코스피 200 선물 ETN
1597,Q530093,17,0,삼성 코스닥 150 ETN
1598,Q530094,17,0,삼성 인버스 코스닥 150 선물 ETN
1599,Q530095,17,0,삼성 구리 선물 ETN(H)
1600,Q530096,17,0,삼성 인버스 구리 선물 ETN(H)
1601,Q550041,17,0,QV 미국 IT TOP5 ETN(H)
1602,Q550042,17,0,QV 레버리지 WTI원유 선물 ETN(H)
1603,Q550043,17,0,QV 인버스 레버리지 WTI원유 선물 ETN(H)
1604,Q550044,17,0,QV 레버리지 S&P500 ETN
1605,Q550045,17,0,QV 인버스 레버리지 S&P500 ETN
1606,Q550057,17,0,QV 코스피 변동성 매칭형 양매도 ETN
1607,Q550059,17,0,QV iSelect 글로벌 EMP ETN(H)
1608,Q550060,17,0,QV S&P500 VIX S/T 선물 ETN C
1609,Q550061,17,0,QV 인버스 미국 IT TOP5 ETN(H)
1610,Q550062,17,0,QV 레버리지 금 선물 ETN(H)
1611,Q550063,17,0,QV 인버스 레버리지 금 선물 ETN(H)
1612,Q550064,17,0,QV 레버리지 은 선물 ETN(H)
1613,Q550065,17,0,QV 인버스 레버리지 은 선물 ETN(H)
1614,Q550066,17,0,QV S&P500 버퍼10% 9월 ETN
1615,Q550067,17,0,QV 코스피 200 ETN
1616,Q550068,17,0,QV 코스닥 150 ETN
1617,Q550069,17,0,QV 레버리지 구리 선물 ETN(H)
1618,Q550070,17,0,QV 인버스 레버리지 구리 선물 ETN(H)
1619,Q570019,17,0,TRUE 코스피 양매도 5% OTM ETN
1620,Q570022,17,0,TRUE 레버리지 S&P500 선물 ETN(H)
1621,Q570023,17,0,TRUE 인버스 2X S&P500 선물 ETN(H)
1622,Q570025,17,0,TRUE 인버스 유로스탁스50 ETN(H) B
1623,Q570027,17,0,TRUE 인버스 2X 유로스탁스50 ETN(H)
1624,Q570028,17,0,TRUE 인버스 HSCEI ETN(H) B
1625,Q570029,17,0,TRUE 코스피 양매도 3% OTM ETN
1626,Q570031,17,0,TRUE 레버리지 HSCEI ETN(H)
1627,Q570032,17,0,TRUE 인버스 2X HSCEI ETN(H)
1628,Q570042,17,0,TRUE 인버스 나스닥 100 ETN
1629,Q570043,17,0,TRUE 레버리지 나스닥 100 ETN
1630,Q570044,17,0,TRUE 인버스 2X 나스닥 100 ETN
1631,Q570045,17,0,TRUE 레버리지 천연가스 선물 ETN(H)
1632,Q570046,17,0,TRUE 인버스 2X 천연가스 선물 ETN(H)
1633,Q570047,17,0,TRUE FTSE100 ETN
1634,Q570048,17,0,TRUE 유로스탁스50 양매도 5% OTM ETN(H)
1635,Q570049,17,0,TRUE S&P500 양매도 4% OTM ETN(H)
1636,Q570050,17,0,TRUE S&P500 선물 ETN
1637,Q570051,17,0,TRUE 나스닥 100 ETN
1638,Q570052,17,0,TRUE 플래티넘 선물 ETN
1639,Q570053,17,0,TRUE 인버스 플래티넘 선물 ETN
1640,Q570054,17,0,TRUE 레버리지 유로스탁스50 ETN(H) B
1641,Q570055,17,0,TRUE 금 선물 ETN
1642,Q570056,17,0,TRUE 인버스 금 선물 ETN
1643,Q570057,17,0,TRUE 은 선물 ETN
1644,Q570058,17,0,TRUE 인버스 은 선물 ETN
1645,Q570059,17,0,TRUE 레버리지 금 선물 ETN
1646,Q570060,17,0,TRUE 인버스 2X 금 선물 ETN
1647,Q570061,17,0,TRUE 레버리지 은 선물 ETN
1648,Q570062,17,0,TRUE 인버스 2X 은 선물 ETN
1649,Q570063,17,0,TRUE 베트남 VN30 선물 ETN(H)
1650,Q570064,17,0,TRUE 인버스 베트남 VN30 선물 ETN(H)
1651,Q570065,17,0,TRUE 레버리지 베트남 VN30 선물 ETN(H)
1652,Q570066,17,0,TRUE 인버스 2X 베트남 VN30 선물 ETN(H)
1653,Q570067,17,0,TRUE 코스피 200 ETN
1654,Q570068,17,0,TRUE 코스닥 150 ETN
1655,Q570071,17,0,TRUE 구리 선물 ETN
1656,Q570072,17,0,TRUE 레버리지 구리 선물 ETN
1657,Q570073,17,0,TRUE 인버스 2X 구리 선물 ETN
1658,Q570074,17,0,TRUE S&P 유럽탄소배출권 선물 ETN(H)
1659,Q580010,17,0,KB Wise 분할매매 ETN
1660,Q580011,17,0,KB FnGuide 언택트 ETN
1661,Q580012,17,0,KB KRX300 ETN
1662,Q580013,17,0,KB KRX ESG Eco ETN
1663,Q580014,17,0,KB 인버스 2X 나스닥 100 ETN
1664,Q580015,17,0,KB 레버리지 나스닥 100 ETN
1665,Q580016,17,0,KB 레버리지 S&P 500 선물 ETN(H)
1666,Q580017,17,0,KB 인버스 2X S&P 500 선물 ETN
1667,Q580018,17,0,KB 레버리지 항셍테크 선물 ETN(H)
1668,Q580019,17,0,KB 인버스 2X 항셍테크 선물 ETN
1669,Q580020,17,0,KB 천연가스 선물 ETN(H)
1670,Q580021,17,0,KB 인버스 천연가스 선물 ETN
1671,Q580022,17,0,KB 레버리지 금 선물 ETN(H)
1672,Q580023,17,0,KB 인버스 2X 금 선물 ETN(H)
1673,Q580024,17,0,KB 레버리지 KRX BBIG K-뉴딜 ETN
1674,Q580025,17,0,KB 레버리지 KRX 2차전지 K-뉴딜 ETN
1675,Q580026,17,0,KB 레버리지 은 선물 ETN(H)
1676,Q580027,17,0,KB 인버스 2X 은 선물 ETN(H)
1677,Q580028,17,0,KB KOSPI 200 선물 ETN
1678,Q580029,17,0,KB 인버스 KOSPI 200 선물 ETN
1679,Q580030,17,0,KB KOSDAQ 150 선물 ETN
1680,Q580031,17,0,KB 인버스 KOSDAQ150 선물 ETN
1681,Q580032,17,0,KB 레버리지 구리 선물 ETN(H)
1682,Q580033,17,0,KB 인버스 2X 구리 선물 ETN(H)
1683,Q590018,17,0,미래에셋 중국 심천 100 ETN
1684,Q610001,17,0,메리츠 인플레이션 국채 ETN
1685,Q610002,17,0,메리츠 레버리지 인플레이션 국채 ETN
1686,Q610003,17,0,메리츠 미국 인플레이션 국채 ETN(H)
1687,Q610004,17,0,메리츠 미국레버리지 인플레이션국채ETN(H)
1688,Q610005,17,0,메리츠 레버리지 KRX300 선물 ETN
1689,Q610006,17,0,메리츠 인버스 2X KRX300 선물 ETN
1690,Q610007,17,0,메리츠 국채30년 ETN
1691,Q610008,17,0,메리츠 레버리지 국채30년 ETN
1692,Q610009,17,0,메리츠 인버스 국채30년 ETN
1693,Q610010,17,0,메리츠 인버스 2X 국채30년 ETN
1694,Q610011,17,0,메리츠 금 선물 ETN(H)
1695,Q610012,17,0,메리츠 레버리지 금 선물 ETN(H)
1696,Q610013,17,0,메리츠 인버스 2X 금 선물 ETN(H)
1697,Q610014,17,0,메리츠 은 선물 ETN(H)
1698,Q610015,17,0,메리츠 인버스 은 선물 ETN(H)
1699,Q610016,17,0,메리츠 레버리지 은 선물 ETN(H)
1700,Q610017,17,0,메리츠 인버스 2X 은 선물 ETN(H)
1701,Q610018,17,0,메리츠 국채10년 ETN
1702,Q610019,17,0,메리츠 레버리지 국채10년 ETN
1703,Q610020,17,0,메리츠 인버스 국채10년 ETN
1704,Q610021,17,0,메리츠 인버스 2X 국채10년 ETN
1705,Q610022,17,0,메리츠 미국채10년 ETN(H)
1706,Q610023,17,0,메리츠 레버리지 미국채10년 ETN(H)
1707,Q610024,17,0,메리츠 인버스 미국채10년 ETN(H)
1708,Q610025,17,0,메리츠 인버스 2X 미국채10년 ETN(H)
1709,Q610026,17,0,메리츠 구리 선물 ETN(H)
1710,Q610027,17,0,메리츠 인버스 구리 선물 ETN(H)
1711,Q610028,17,0,메리츠 레버리지 구리 선물 ETN(H)
1712,Q610029,17,0,메리츠 인버스 2X 구리 선물 ETN(H)
1713,Q610030,17,0,메리츠 S&P 유럽탄소배출권 선물 ETN(H)
1714,Q610031,17,0,메리츠 S&P 유럽탄소배출권 선물 ETN
1715,Q700001,17,0,하나 코스피 변동성추세 추종 양매도 ETN
1716,Q700002,17,0,하나 KRX300 ETN
1717,Q700003,17,0,하나 KRX BBIG K-뉴딜 ETN
1718,Q700004,17,0,하나 레버리지 KRX BBIG K-뉴딜 ETN
1719,Q700007,17,0,하나 코스닥150 선물 ETN
1720,Q700008,17,0,하나 인버스 코스닥150 선물 ETN
1721,Q700009,17,0,하나 레버리지 구리 선물 ETN(H)
1722,Q700010,17,0,하나 인버스 2X 구리 선물 ETN(H)
