,종목명,현재가,거래량,자본금(백만원),자본총계(백만원),영업이익증가율,영업이익(원),매출액영업이익률,EBITDA(백만원),시가총액,배당수익률,부채비율,이자보상비율,결산년월,PBR,PSR,PCR,PER,ROE,PBR_rank,PSR_rank,PCR_rank,PER_rank,DIV_rank,rank_tot
958,서연이화,7180.0,86923.0,13514.0,60171,121.54000091552734,48464000000.0,2.4700000286102295,135342.0,1941.0,1.3899999856948853,185.38999938964844,2.609999895095825,202012,0.31,0.09,1.22,6.829999923706055,-6.800000190734863,2.0,4.0,6.0,61.0,143.5,73.0
704,GS,39950.0,248787.0,464576.0,1559040,-54.720001220703125,920569000000.0,5.960000038146973,920569.0,37120.0,4.75,127.55000305175781,2.9800000190734863,202012,0.42,0.23,1.72,4.539999961853027,-2.819999933242798,12.5,37.0,15.0,21.5,10.0,86.0
89,현대해상,24950.0,292191.0,44700.0,1070640,-27.469999313354492,286763000000.0,1.6200000047683716,395717.0,22305.0,4.0,923.8800048828125,0.0,202012,0.48,0.13,1.04,5.769999980926514,7.130000114440918,25.5,11.5,2.0,47.5,23.0,86.5
218,사조대림,27000.0,156549.0,45822.0,145966,-0.30000001192092896,49420000000.0,2.880000114440918,80058.0,2474.0,0.7400000095367432,148.91000366210938,4.840000152587891,202012,0.59,0.14,2.73,4.199999809265137,10.020000457763672,50.0,14.0,44.5,17.0,218.0,125.5
724,하나금융지주,42500.0,851245.0,1501210.0,4976517,17.729999542236328,3836422000000.0,7.960000038146973,4597222.0,127603.0,4.349999904632568,1356.6700439453125,0.0,202012,0.39,0.3,2.29,4.190000057220459,8.960000038146973,9.0,72.5,30.0,16.0,15.0,127.5
844,선진,11550.0,130982.0,11889.0,181302,168.08999633789062,107550000000.0,7.980000019073486,141490.0,2747.0,0.8600000143051147,191.55999755859375,6.559999942779541,202012,0.66,0.17,1.85,4.170000076293945,24.25,75.0,20.5,18.5,15.0,204.0,129.0
71,LX인터내셔널,25450.0,217130.0,193800.0,581975,18.59000015258789,159835000000.0,1.4199999570846558,323458.0,9864.0,1.5700000524520874,206.8800048828125,3.740000009536743,202012,0.59,0.06,3.82,3.6600000858306885,23.719999313354492,50.0,1.0,74.0,5.0,128.0,130.0
168,금호건설,11150.0,67631.0,183169.0,228760,46.400001525878906,81217000000.0,4.440000057220459,88535.0,4085.0,4.480000019073486,252.8800048828125,8.020000457763672,202012,0.56,0.2,3.46,3.7699999809265137,6.889999866485596,45.0,31.5,64.5,7.0,13.0,148.0
300,DB손해보험,56400.0,137844.0,35400.0,2515653,43.650001525878906,730982000000.0,3.630000114440918,851131.0,39931.0,3.9000000953674316,823.2100219726562,0.0,202012,0.63,0.19,1.43,5.78000020980835,9.029999732971191,62.5,27.0,10.0,49.0,24.0,148.5
756,AJ네트웍스,5840.0,54112.0,46822.0,205050,46.66999816894531,22952000000.0,2.25,220658.0,2734.0,3.5899999141693115,451.42999267578125,0.49000000953674316,202012,0.75,0.25,1.24,3.5799999237060547,-1.2999999523162842,100.0,44.0,7.0,2.0,31.5,153.0
666,KTcs,2615.0,70696.0,23842.0,71424,57.47999954223633,17868000000.0,1.9199999570846558,37033.0,1116.0,3.049999952316284,126.76000213623047,13.420000076293945,202012,0.64,0.12,2.08,6.519999980926514,6.639999866485596,65.5,9.0,24.0,58.0,54.5,156.5
638,상신브레이크,3945.0,50436.0,10735.0,40656,-49.939998626708984,7857000000.0,2.25,29797.0,847.0,1.2599999904632568,158.57000732421875,1.3600000143051147,202012,0.48,0.22,2.28,8.079999923706055,-1.600000023841858,25.5,34.5,29.0,80.0,158.5,169.0
319,LS,55400.0,52412.0,161000.0,927628,24.719999313354492,336561000000.0,3.2200000286102295,627596.0,17839.0,2.609999895095825,162.1199951171875,2.740000009536743,202012,0.52,0.14,2.93,6.960000038146973,3.940000057220459,35.5,14.0,54.5,65.0,70.0,169.0
783,풍산,31350.0,86361.0,140121.0,474444,194.61000061035156,121208000000.0,4.670000076293945,221918.0,8786.0,1.909999966621399,76.44000244140625,5.789999961853027,202012,0.54,0.26,3.9,3.9700000286102295,5.090000152587891,42.5,49.5,78.0,10.0,102.0,180.0
631,팜스코,6190.0,69731.0,18363.0,156837,96.52999877929688,39715000000.0,2.9800000190734863,69619.0,2273.0,1.6100000143051147,222.10000610351562,2.819999933242798,202012,0.69,0.15,2.42,6.489999771118164,4.210000038146973,82.5,16.5,34.0,57.0,122.5,190.0
85,KG케미칼,34000.0,209159.0,71638.0,457258,105.94000244140625,242958000000.0,6.590000152587891,371747.0,4714.0,1.1699999570846558,186.77000427246094,3.9800000190734863,202012,0.97,0.11,1.6,5.199999809265137,11.9399995803833,143.0,6.5,13.0,32.0,169.5,194.5
869,이마트,159000.0,110669.0,139379.0,2083180,57.41999816894531,237151000000.0,1.0800000429153442,1223442.0,44323.0,1.25,112.83999633789062,1.440000057220459,202012,0.47,0.19,3.76,7.840000152587891,4.050000190734863,20.5,27.0,72.5,76.0,160.0,196.0
133,고려제강,20650.0,114449.0,23000.0,156750,-56.20000076293945,9831000000.0,0.699999988079071,105761.0,4750.0,1.2599999904632568,53.5099983215332,1.1699999570846558,202012,0.33,0.3,3.94,5.610000133514404,0.6200000047683716,6.5,72.5,79.5,44.0,158.5,202.5
287,POSCO,278000.0,285633.0,482403.0,11876571,-37.88999938964844,2403035000000.0,4.159999847412109,6024774.0,242379.0,2.869999885559082,65.88999938964844,3.759999990463257,202012,0.49,0.34,3.83,4.159999847412109,3.609999895095825,29.5,89.0,75.0,14.0,63.0,207.5
628,한국가스공사,38200.0,456255.0,461565.0,1551616,-32.650001525878906,898855000000.0,4.300000190734863,2535569.0,35264.0,0.9900000095367432,364.239990234375,1.2599999904632568,202012,0.44,0.17,1.32,13.989999771118164,-2.240000009536743,16.0,20.5,9.0,168.0,185.0,213.5
211,코리안리,9690.0,256504.0,60184.0,548208,-23.049999237060547,192258000000.0,1.7000000476837158,200827.0,11664.0,4.639999866485596,409.7799987792969,0.0,202012,0.47,0.11,4.37,8.430000305175781,5.78000020980835,20.5,6.5,94.0,93.0,12.0,214.0
33,대동,9760.0,165604.0,23728.0,148224,37.58000183105469,33135000000.0,3.700000047683716,59922.0,2316.0,0.8100000023841858,185.94000244140625,3.0299999713897705,202012,0.64,0.21,2.84,7.269999980926514,7.739999771118164,65.5,33.0,51.0,68.0,212.5,217.5
309,동부건설,14200.0,78185.0,113694.0,193740,-6.019999980926514,52134000000.0,4.289999961853027,62694.0,3229.0,6.329999923706055,107.51000213623047,40.68000030517578,202012,0.6,0.28,4.7,3.0799999237060547,10.100000381469727,54.0,60.5,104.0,1.0,2.0,219.5
593,KT,31050.0,423837.0,1564498.0,4540200,2.119999885559082,1184107000000.0,4.949999809265137,4851742.0,81075.0,4.340000152587891,116.45999908447266,4.489999771118164,202012,0.56,0.33,1.53,7.940000057220459,4.760000228881836,45.0,85.5,12.0,77.0,16.5,219.5
967,디와이파워,12800.0,58018.0,5520.0,90432,36.959999084472656,35532000000.0,11.65999984741211,46678.0,1413.0,1.7100000381469727,52.22999954223633,38.68000030517578,202012,0.64,0.34,2.92,4.130000114440918,14.270000457763672,65.5,89.0,53.0,12.5,115.0,220.0
246,현대비앤지스틸,16150.0,125005.0,75394.0,124184,-8.529999732971191,33401000000.0,4.909999847412109,49102.0,2435.0,0.6100000143051147,51.349998474121094,11.079999923706055,202012,0.51,0.3,4.83,3.819999933242798,5.679999828338623,33.0,72.5,107.0,8.0,232.0,220.5
614,LG디스플레이,22600.0,6082586.0,1789078.0,5337156,0.0,-29117000000.0,-0.11999999731779099,4105726.0,80866.0,0.0,175.35000610351562,0.0,202012,0.66,0.29,1.85,6.789999961853027,-0.7900000214576721,75.0,67.0,18.5,60.0,320.5,220.5
667,KTis,2550.0,45916.0,17401.0,44350,-34.560001373291016,9002000000.0,1.9800000190734863,28889.0,887.0,3.130000114440918,75.80000305175781,5.139999866485596,202012,0.5,0.19,2.07,11.59000015258789,4.400000095367432,31.5,27.0,23.0,139.0,46.5,220.5
709,휴비스,8850.0,57318.0,172500.0,195392,719.1300048828125,39869000000.0,4.329999923706055,82571.0,3053.0,3.380000114440918,83.45999908447266,4.670000076293945,202012,0.64,0.29,3.54,4.539999961853027,19.010000228881836,65.5,67.0,67.0,21.5,43.0,221.0
76,동국제강,16150.0,487649.0,589228.0,1048016,79.08999633789062,294697000000.0,5.659999847412109,510052.0,15412.0,1.2300000190734863,153.64999389648438,3.3299999237060547,202012,0.68,0.26,3.45,5.25,3.3499999046325684,78.5,49.5,62.5,35.5,163.0,226.0
540,티에이치엔,4355.0,1423102.0,9000.0,72128,-58.83000183105469,8853000000.0,2.559999942779541,18391.0,784.0,0.6800000071525574,318.70001220703125,1.9900000095367432,202012,0.92,0.19,3.69,3.619999885559082,-24.8700008392334,135.5,27.0,69.0,3.5,223.5,235.0
750,LF,18600.0,98843.0,146200.0,228438,-11.960000038146973,77067000000.0,4.789999961853027,163246.0,5439.0,2.680000066757202,75.30000305175781,8.390000343322754,202012,0.42,0.32,3.02,8.3100004196167,1.409999966621399,12.5,82.5,57.0,88.0,69.0,240.0
234,세방,11900.0,60776.0,9654.0,71238,1.5199999809265137,16388000000.0,1.9500000476837158,51023.0,2298.0,1.590000033378601,36.470001220703125,6.639999866485596,202012,0.31,0.28,5.7,5.53000020980835,3.890000104904175,2.0,60.5,137.0,41.0,124.0,240.5
646,포스코인터내셔,20250.0,322832.0,616875.0,1848741,-21.6200008392334,474478000000.0,2.2100000381469727,807217.0,24983.0,3.450000047683716,163.47000122070312,4.820000171661377,202012,0.74,0.08,3.07,8.180000305175781,7.690000057220459,97.5,2.5,58.0,83.0,40.5,241.0
790,KB금융,56700.0,1022217.0,2090557.0,12495439,2.7899999618530273,4615992000000.0,8.279999732971191,5664769.0,235763.0,3.119999885559082,1308.3299560546875,0.0,202012,0.53,0.42,2.85,5.579999923706055,8.520000457763672,39.5,113.5,52.0,43.0,48.0,248.0
362,서연,13650.0,305525.0,11739.0,227554,59.65999984741211,53029000000.0,2.369999885559082,155539.0,3205.0,0.36000001430511475,160.22000122070312,2.3299999237060547,202012,0.71,0.13,1.48,12.369999885559082,-1.2599999904632568,87.5,11.5,11.0,147.0,259.0,257.0
833,인터지스,3695.0,415604.0,14873.0,61544,18.170000076293945,7656000000.0,1.6699999570846558,22892.0,1099.0,0.0,104.04000091552734,1.3200000524520874,202012,0.56,0.22,4.9,7.570000171661377,2.809999942779541,45.0,34.5,110.0,71.0,320.5,260.5
174,코오롱글로벌,24750.0,78884.0,126052.0,723840,40.459999084472656,176349000000.0,4.489999771118164,234179.0,6240.0,1.6100000143051147,407.8900146484375,5.599999904632568,202012,1.16,0.14,2.49,5.239999771118164,17.81999969482422,179.0,14.0,37.0,34.0,122.5,264.0
135,아세아제지,47500.0,43973.0,44782.0,259494,-7.610000133514404,65707000000.0,8.979999542236328,111546.0,4254.0,1.4700000286102295,39.279998779296875,19.549999237060547,202012,0.61,0.48,3.35,4.619999885559082,8.899999618530273,57.5,130.0,61.0,23.0,139.5,271.5
604,삼성생명,64800.0,396401.0,100000.0,4276800,42.90999984741211,1790046000000.0,5.179999828338623,2289911.0,129600.0,3.8499999046325684,671.760009765625,0.0,202012,0.33,0.38,4.28,7.389999866485596,3.259999990463257,6.5,106.0,90.5,69.5,25.0,272.5
244,깨끗한나라,4435.0,148981.0,37240.0,125552,911.260009765625,52062000000.0,8.800000190734863,82260.0,1652.0,2.25,159.69000244140625,5.170000076293945,202012,0.76,0.29,1.95,8.40999984741211,20.209999084472656,101.5,67.0,21.0,92.0,89.0,281.5
1201,HDC현대산업개,23150.0,225692.0,329536.0,808674,6.210000038146973,585721000000.0,15.960000038146973,622136.0,15258.0,2.5899999141693115,122.97000122070312,17.110000610351562,202012,0.53,0.47,2.46,8.260000228881836,8.850000381469727,39.5,127.5,35.0,86.0,71.0,288.0
106,대상,23600.0,69307.0,34648.0,588744,34.34000015258789,174391000000.0,5.599999904632568,279484.0,8177.0,2.9600000381469727,129.52999877929688,8.380000114440918,202012,0.72,0.26,2.64,9.119999885559082,12.020000457763672,91.5,49.5,42.0,106.5,59.0,289.5
474,대창,1935.0,872344.0,45570.0,146412,66.87999725341797,28350000000.0,3.0399999618530273,39738.0,1764.0,0.5099999904632568,180.22999572753906,2.990000009536743,202012,0.83,0.15,4.28,6.880000114440918,3.5,120.0,16.5,90.5,63.5,248.5,290.5
902,DSR,5850.0,61462.0,8000.0,49608,13.289999961853027,12075000000.0,5.230000019073486,20192.0,936.0,0.8500000238418579,55.220001220703125,12.920000076293945,202012,0.53,0.36,4.07,7.389999866485596,5.670000076293945,39.5,97.5,85.0,69.5,206.5,291.5
1097,현대건설기계,39350.0,52853.0,98503.0,449616,-41.970001220703125,91569000000.0,3.5,161543.0,7752.0,0.0,111.38999938964844,2.559999942779541,202012,0.58,0.24,4.58,8.829999923706055,-0.7900000214576721,47.0,40.0,102.5,103.0,320.5,292.5
715,대한제강,16250.0,160440.0,24646.0,288360,94.66000366210938,81806000000.0,7.460000038146973,106794.0,4005.0,1.840000033378601,72.30000305175781,48.70000076293945,202012,0.72,0.26,5.65,4.360000133514404,10.210000038146973,91.5,49.5,135.0,19.0,107.5,295.0
621,지투알,6930.0,56301.0,17571.0,92988,15.449999809265137,25274000000.0,6.730000019073486,33527.0,1148.0,4.320000171661377,264.94000244140625,74.72000122070312,202012,0.81,0.28,2.83,7.949999809265137,6.269999980926514,116.5,60.5,50.0,78.5,18.0,305.5
369,NI스틸,3575.0,75060.0,14300.0,77672,53.9900016784668,18614000000.0,9.670000076293945,33959.0,1022.0,1.3899999856948853,136.6300048828125,6.269999980926514,202012,0.76,0.45,2.82,5.309999942779541,10.449999809265137,101.5,122.5,49.0,37.0,143.5,310.0
640,현대두산인프라,7940.0,626331.0,82325.0,1058994,-21.6299991607666,658598000000.0,8.300000190734863,946030.0,6537.0,0.0,167.9199981689453,3.7899999618530273,202012,1.62,0.17,1.94,5.139999866485596,6.46999979019165,239.5,20.5,20.0,30.0,320.5,310.0
518,두올,4105.0,243490.0,82666.0,99061,-26.579999923706055,20277000000.0,4.340000152587891,38416.0,1357.0,1.940000057220459,121.20999908447266,6.380000114440918,202012,0.73,0.27,2.99,9.630000114440918,3.0,95.0,54.5,56.0,112.0,99.0,317.5
972,한솔제지,14100.0,53068.0,119002.0,177868,-1.4600000381469727,94561000000.0,6.260000228881836,186843.0,3356.0,4.960000038146973,174.02999877929688,4.940000057220459,202012,0.53,0.2,1.62,22.15999984741211,9.670000076293945,39.5,31.5,14.0,239.0,9.0,324.0
435,삼호개발,5130.0,64360.0,12500.0,75696,-42.16999816894531,13628000000.0,3.75,15493.0,1283.0,3.700000047683716,47.97999954223633,56.04999923706055,202012,0.59,0.37,4.8,7.210000038146973,9.260000228881836,50.0,101.5,106.0,67.0,28.0,324.5
689,하이스틸,3005.0,156371.0,9999.0,25843,-73.79000091552734,290000000.0,0.18000000715255737,5438.0,601.0,0.33000001311302185,90.13999938964844,0.11999999731779099,202012,0.43,0.29,10.69,4.130000114440918,-0.9900000095367432,15.0,67.0,233.0,12.5,262.0,327.5
389,한솔로지스틱스,4230.0,406326.0,14340.0,168490,37.36000061035156,13076000000.0,2.569999933242798,31577.0,1162.0,1.1799999475479126,258.5799865722656,6.460000038146973,202012,1.45,0.18,3.46,4.449999809265137,17.09000015258789,220.0,23.0,64.5,20.0,167.5,327.5
848,메리츠금융지주,35100.0,252772.0,71442.0,6585320,42.58000183105469,1372080000000.0,4.820000171661377,1525871.0,47038.0,2.559999942779541,911.510009765625,0.0,202012,1.4,0.16,2.14,7.599999904632568,16.049999237060547,213.5,18.0,27.0,73.0,74.0,331.5
784,일진전기,5160.0,96240.0,37080.0,112866,20.600000381469727,13776000000.0,1.9500000476837158,33010.0,1913.0,1.159999966621399,155.8800048828125,1.850000023841858,202012,0.59,0.23,4.5,12.770000457763672,1.5700000524520874,50.0,37.0,95.0,152.0,171.0,334.0
286,현대그린푸드,9040.0,228280.0,48852.0,415104,-12.59000015258789,78571000000.0,2.430000066757202,144047.0,8832.0,2.319999933242798,40.099998474121094,24.170000076293945,202012,0.47,0.27,5.16,12.34000015258789,4.070000171661377,20.5,54.5,116.0,145.5,84.5,336.5
110,SK네트웍스,5080.0,313403.0,620469.0,743871,13.329999923706055,123949000000.0,1.1699999570846558,945470.0,12608.0,2.359999895095825,290.760009765625,1.0800000429153442,202012,0.59,0.12,1.29,34.54999923706055,1.6299999952316284,50.0,9.0,8.0,277.0,83.0,344.0
910,애경케미칼,11750.0,215310.0,24324.0,491576,22.700000762939453,57487000000.0,6.329999923706055,69501.0,5716.0,2.9700000286102295,36.029998779296875,42.47999954223633,202012,0.86,0.31,5.28,4.739999771118164,11.720000267028809,127.0,78.0,119.5,24.0,58.0,348.5
118,오리온홀딩스,15950.0,56691.0,31322.0,499600,15.739999771118164,308628000000.0,13.529999732971191,546708.0,9992.0,4.070000171661377,28.700000762939453,34.220001220703125,202012,0.5,0.43,2.2,15.0,3.9800000190734863,31.5,115.5,28.0,176.0,21.0,351.0
467,한화에어로스페,43800.0,311657.0,265650.0,1729728,47.63999938964844,243947000000.0,4.579999923706055,489586.0,22176.0,1.3600000143051147,216.5800018310547,3.680000066757202,202012,0.78,0.36,3.73,7.949999809265137,4.78000020980835,105.5,97.5,71.0,78.5,148.0,352.5
116,대한제당,3310.0,183093.0,44848.0,187047,57.04999923706055,46300000000.0,3.809999942779541,61946.0,2969.0,2.7100000381469727,139.50999450683594,3.9800000190734863,202012,0.63,0.26,4.87,10.960000038146973,4.800000190734863,62.5,49.5,108.5,132.0,68.0,352.5
3,메리츠화재,29050.0,148517.0,60312.0,5011006,72.36000061035156,608012000000.0,5.460000038146973,660798.0,35042.0,4.400000095367432,845.1599731445312,0.0,202012,1.43,0.3,1.21,6.619999885559082,16.8799991607666,216.0,72.5,5.0,59.0,14.0,352.5
828,SJM,4650.0,44756.0,7802.0,30492,5.239999771118164,6791000000.0,4.900000095367432,14635.0,726.0,1.0700000524520874,29.530000686645508,12.0600004196167,202012,0.42,0.48,3.67,12.100000381469727,1.6299999952316284,12.5,130.0,68.0,144.0,180.0,354.5
509,대현,2330.0,368233.0,26906.0,50568,-64.7699966430664,7131000000.0,2.819999933242798,12563.0,1032.0,1.7100000381469727,24.260000228881836,116.13999938964844,202012,0.49,0.38,5.33,8.6899995803833,4.480000019073486,29.5,106.0,122.5,98.0,115.0,356.0
220,현대제철,40400.0,506477.0,667228.0,1725184,-77.94999694824219,73032000000.0,0.4099999964237213,1652227.0,53912.0,1.2300000190734863,108.73999786376953,0.2199999988079071,202012,0.32,0.27,3.23,22.31999969482422,-2.5899999141693115,4.5,54.5,60.0,240.0,163.0,359.0
365,대덕,7930.0,151080.0,16945.0,120915,0.0,-4075000000.0,-121.19999694824219,24404.0,2687.0,3.7799999713897705,21.729999542236328,0.0,202012,0.45,0.28,7.06,9.100000381469727,17.8799991607666,17.0,60.5,177.0,105.0,27.0,359.5
658,스카이라이프,9710.0,53214.0,119554.0,278640,6.46999979019165,73845000000.0,10.569999694824219,158776.0,4644.0,3.5999999046325684,23.510000228881836,289.67999267578125,202012,0.6,0.67,2.51,8.699999809265137,7.96999979019165,54.0,170.0,38.0,99.0,30.0,361.0
302,휴니드,7080.0,64808.0,70580.0,76923,20.729999542236328,10576000000.0,5.340000152587891,14723.0,999.0,0.0,109.94000244140625,30.049999237060547,202012,0.77,0.32,6.03,5.150000095367432,4.860000133514404,103.5,82.5,148.0,31.0,320.5,365.0
149,동일제강,2795.0,702996.0,7500.0,13408,0.0,-127000000.0,-0.10000000149011612,4212.0,419.0,0.3400000035762787,14.460000038146973,0.0,202012,0.32,0.3,7.01,9.90999984741211,0.23000000417232513,4.5,72.5,174.0,115.0,261.0,366.0
616,NICE,16550.0,93690.0,18941.0,526680,-0.4099999964237213,153148000000.0,7.449999809265137,279036.0,6270.0,1.6299999952316284,118.5,8.130000114440918,202012,0.84,0.28,2.4,12.979999542236328,2.430000066757202,123.0,60.5,32.5,156.0,121.0,372.0
384,KCTC,6070.0,104432.0,15000.0,151142,10.260000228881836,20961000000.0,4.289999961853027,42619.0,1821.0,0.8199999928474426,110.91999816894531,4.510000228881836,202012,0.83,0.29,4.51,8.390000343322754,6.539999961853027,120.0,67.0,96.5,91.0,211.0,374.5
729,HDC현대EP,6190.0,210387.0,17200.0,128375,1.5199999809265137,34582000000.0,5.010000228881836,45439.0,1975.0,2.259999990463257,79.30999755859375,8.069999694824219,202012,0.65,0.25,4.52,13.479999542236328,4.789999961853027,70.5,44.0,98.0,163.0,88.0,375.5
323,GS건설,40100.0,360556.0,427907.0,2642486,-2.200000047683716,750397000000.0,7.409999847412109,910331.0,34318.0,2.990000009536743,219.35000610351562,6.510000228881836,202012,0.77,0.37,2.54,10.979999542236328,7.679999828338623,103.5,101.5,40.0,133.5,57.0,378.5
441,롯데케미칼,209500.0,101712.0,171377.0,3733964,-67.7699966430664,356911000000.0,2.9200000762939453,1187800.0,71807.0,1.7100000381469727,41.380001068115234,3.309999942779541,202012,0.52,0.49,6.43,6.0,1.2200000286102295,35.5,133.5,160.5,51.0,115.0,380.5
303,대한해운,2600.0,803482.0,159588.0,539435,13.319999694824219,145937000000.0,16.510000228881836,277424.0,8299.0,0.0,292.07000732421875,1.7000000476837158,202012,0.65,0.74,2.73,8.279999732971191,1.100000023841858,70.5,182.5,44.5,87.0,320.5,384.5
171,혜인,5880.0,192799.0,6356.0,51612,-25.280000686645508,8819000000.0,4.050000190734863,14101.0,748.0,2.0399999618530273,111.7300033569336,2.7799999713897705,202012,0.69,0.34,5.75,8.15999984741211,4.96999979019165,82.5,89.0,138.0,82.0,97.5,391.5
707,현대리바트,15250.0,62566.0,20535.0,203580,55.75,37196000000.0,2.690000057220459,68402.0,3132.0,1.309999942779541,66.9800033569336,25.709999084472656,202012,0.65,0.23,3.96,18.170000076293945,5.659999847412109,70.5,37.0,82.0,210.0,151.5,399.5
650,우진플라임,4495.0,43547.0,10000.0,112375,0.0,9434000000.0,4.590000152587891,20192.0,899.0,1.1100000143051147,340.3399963378906,1.9600000381469727,202012,1.25,0.38,3.47,5.400000095367432,13.699999809265137,189.5,106.0,66.0,38.0,177.0,399.5
583,세하,1710.0,169363.0,57562.0,103320,49.290000915527344,21056000000.0,11.109999656677246,27684.0,984.0,0.0,115.94999694824219,6.849999904632568,202012,1.05,0.49,2.4,7.800000190734863,21.139999389648438,159.5,133.5,32.5,75.0,320.5,400.5
685,현대백화점,76500.0,68522.0,117012.0,734023,-53.5099983215332,135863000000.0,5.980000019073486,377466.0,17903.0,1.2999999523162842,73.0199966430664,4.449999809265137,202012,0.41,0.57,4.51,11.569999694824219,1.649999976158142,10.0,158.0,96.5,138.0,154.5,402.5
132,한일철강,2935.0,65919.0,13348.0,37632,0.0,-4237000000.0,-2.700000047683716,3187.0,784.0,0.0,98.30999755859375,0.0,202012,0.48,0.4,10.44,5.25,-3.299999952316284,25.5,110.0,232.0,35.5,320.5,403.0
265,롯데지주,32300.0,65289.0,20981.0,1626528,-10.640000343322754,156248000000.0,1.7200000286102295,759770.0,33886.0,3.0899999141693115,113.0,1.0700000524520874,202012,0.48,0.35,4.02,16.829999923706055,-3.0299999713897705,25.5,93.5,84.0,201.0,51.5,404.0
911,한국타이어앤테,41100.0,203877.0,61937.0,3309345,15.5,628270000000.0,9.739999771118164,1255794.0,50913.0,1.5800000429153442,43.79999923706055,13.239999771118164,202012,0.65,0.72,3.86,8.25,5.119999885559082,70.5,180.5,76.0,85.0,125.5,412.0
603,LG유플러스,13850.0,706283.0,2573969.0,4777209,29.1299991607666,886151000000.0,6.599999904632568,3256628.0,60471.0,3.240000009536743,139.8300018310547,5.940000057220459,202012,0.79,0.44,1.15,15.399999618530273,6.460000038146973,109.0,118.5,4.0,186.0,45.0,417.5
602,황금에스티,9170.0,224784.0,8000.0,76284,26.459999084472656,23749000000.0,9.1899995803833,33774.0,1467.0,0.949999988079071,49.25,16.06999969482422,202012,0.52,0.56,6.53,7.110000133514404,6.340000152587891,35.5,154.5,162.0,66.0,188.0,418.0
240,송원산업,17400.0,324861.0,12000.0,342432,14.699999809265137,68010000000.0,8.420000076293945,102700.0,4176.0,0.6800000071525574,92.26000213623047,10.1899995803833,202012,0.82,0.45,4.18,8.520000457763672,6.170000076293945,118.0,122.5,88.0,95.0,223.5,423.5
591,삼성카드,33900.0,69106.0,614794.0,2120904,18.799999237060547,534270000000.0,15.869999885559082,740209.0,39276.0,5.300000190734863,228.66000366210938,0.0,202012,0.54,1.14,2.65,8.5600004196167,5.690000057220459,42.5,244.0,43.0,96.0,6.0,425.5
609,세종공업,10250.0,249859.0,13910.0,196788,0.0,-6166000000.0,-0.5199999809265137,57677.0,2852.0,0.47999998927116394,198.5500030517578,0.0,202012,0.69,0.19,3.72,24.229999542236328,-4.690000057220459,82.5,27.0,70.0,246.0,253.5,425.5
49,삼성화재,218000.0,108622.0,24802.0,7332667,20.610000610351562,1044392000000.0,4.340000152587891,1363533.0,103277.0,4.03000020980835,468.69000244140625,0.0,202012,0.71,0.46,4.33,10.319999694824219,4.940000057220459,87.5,125.5,92.0,122.0,22.0,427.0
279,현대차,209500.0,829314.0,1157982.0,34915530,-33.58000183105469,2394671000000.0,2.2899999618530273,6580044.0,447635.0,1.4299999475479126,174.22000122070312,6.610000133514404,202012,0.78,0.5,3.18,10.609999656677246,2.0399999618530273,105.5,137.5,59.0,127.0,141.0,429.0
346,한국특강,2995.0,152698.0,26621.0,192995,0.0,7281000000.0,1.75,18893.0,1595.0,0.0,247.5,1.059999942779541,202012,1.21,0.24,6.76,5.489999771118164,4.190000057220459,186.5,40.0,168.0,40.0,320.5,434.5
618,SK,246000.0,165353.0,15272.0,14539224,0.0,-164471000000.0,-0.20000000298023224,7819891.0,173086.0,2.8399999141693115,165.39999389648438,0.0,202012,0.84,0.19,2.01,28.68000030517578,1.1100000143051147,123.0,27.0,22.0,263.0,64.0,435.0
395,광동제약,7350.0,199794.0,52420.0,308240,11.449999809265137,46590000000.0,3.75,66299.0,3853.0,1.3600000143051147,65.41000366210938,18.350000381469727,202012,0.8,0.31,4.77,11.949999809265137,10.079999923706055,113.5,78.0,105.0,141.0,148.0,437.5
227,동방,3815.0,438350.0,39971.0,190625,17.389999389648438,24590000000.0,4.150000095367432,60988.0,1525.0,0.0,351.1600036621094,1.5499999523162842,202012,1.25,0.26,2.31,14.180000305175781,12.869999885559082,189.5,49.5,31.0,170.0,320.5,440.0
312,화승인더,6470.0,187585.0,27660.0,347163,-27.450000762939453,82391000000.0,6.340000152587891,147326.0,3579.0,2.9000000953674316,128.5399932861328,4.78000020980835,202012,0.97,0.28,2.81,15.699999809265137,10.9399995803833,143.0,60.5,48.0,190.0,61.0,441.5
812,대성에너지,8050.0,172775.0,27500.0,152766,8.210000038146973,26277000000.0,3.5399999618530273,50499.0,2214.0,3.0999999046325684,123.30999755859375,7.699999809265137,202012,0.69,0.31,4.34,15.9399995803833,4.550000190734863,82.5,78.0,93.0,192.0,49.5,445.5
554,MH에탄올,10050.0,44480.0,4596.0,86071,101.58000183105469,15781000000.0,16.670000076293945,30834.0,742.0,3.4800000190734863,459.1300048828125,1.2899999618530273,202012,1.16,0.75,2.12,6.860000133514404,11.489999771118164,179.0,185.5,26.0,62.0,37.0,452.5
24,기아,83800.0,1398930.0,2139316.0,34309094,2.8299999237060547,2066457000000.0,3.490000009536743,4285979.0,339694.0,1.190000057220459,102.37000274658203,8.8100004196167,202012,1.01,0.49,4.56,7.590000152587891,5.050000190734863,150.0,133.5,101.0,72.0,166.0,456.5
511,KG동부제철,10950.0,162657.0,500044.0,1073198,219.8000030517578,110778000000.0,4.730000019073486,168929.0,10951.0,0.9100000262260437,132.11000061035156,2.6700000762939453,202012,0.98,0.37,6.43,6.360000133514404,7.179999828338623,146.5,101.5,160.5,56.0,195.5,464.5
59,한국주철관,9090.0,83142.0,12000.0,143037,-27.139999389648438,11342000000.0,3.4600000381469727,19520.0,2073.0,2.200000047683716,25.719999313354492,47.11000061035156,202012,0.69,0.44,9.33,5.769999980926514,4.050000190734863,82.5,118.5,219.0,47.5,92.5,467.5
723,현대글로비스,158500.0,55923.0,18750.0,6597618,-24.459999084472656,662150000000.0,4.010000228881836,1034129.0,59438.0,2.200000047683716,115.12000274658203,7.809999942779541,202012,1.11,0.31,5.28,8.8100004196167,12.449999809265137,169.5,78.0,119.5,102.0,92.5,469.0
341,GS리테일,32350.0,217462.0,104717.0,3658608,5.75,252567000000.0,2.8499999046325684,921163.0,33876.0,2.7799999713897705,169.11000061035156,3.680000066757202,202012,1.08,0.28,2.52,17.75,7.489999771118164,166.0,60.5,39.0,206.0,65.0,471.5
520,웅진,2020.0,323071.0,42213.0,448970,-69.61000061035156,22859000000.0,2.619999885559082,75872.0,1615.0,0.0,453.1600036621094,0.9200000166893005,202012,2.78,0.17,1.75,10.569999694824219,-39.31999969482422,309.5,20.5,16.5,126.0,320.5,472.5
733,노루페인트,11850.0,302879.0,10000.0,165900,10.75,32297000000.0,5.010000228881836,47721.0,2370.0,2.319999933242798,99.68000030517578,7.980000019073486,202012,0.7,0.34,4.53,16.59000015258789,5.480000019073486,86.0,89.0,99.5,198.0,84.5,472.5
137,넥센타이어,6900.0,153792.0,50833.0,309994,-80.9800033569336,39424000000.0,2.309999942779541,226630.0,6739.0,1.5199999809265137,128.91000366210938,2.1600000858306885,202012,0.46,0.37,2.6,64.4800033569336,-1.090000033378601,18.0,101.5,41.0,317.0,136.5,477.5
127,고려산업,3120.0,55231.0,24939.0,56016,57.9900016784668,9182000000.0,4.820000171661377,12868.0,778.0,1.1200000047683716,111.01000213623047,4.170000076293945,202012,0.72,0.38,6.11,10.829999923706055,6.909999847412109,91.5,106.0,150.0,131.0,175.0,478.5
372,문배철강,4080.0,364274.0,10251.0,51057,7.610000133514404,2798000000.0,1.8300000429153442,3493.0,837.0,1.2200000286102295,57.61000061035156,1.909999966621399,202012,0.61,0.42,23.86,3.619999885559082,7.46999979019165,57.5,113.5,305.0,3.5,165.0,479.5
684,DSR제강,4990.0,95561.0,7200.0,34512,-32.08000183105469,3534000000.0,2.0,10451.0,719.0,0.800000011920929,41.02000045776367,6.329999923706055,202012,0.48,0.38,5.83,18.270000457763672,3.6600000858306885,25.5,106.0,141.0,211.0,215.0,483.5
429,화신,9010.0,784847.0,17460.0,358643,0.0,-11278000000.0,-1.0399999618530273,45143.0,3146.0,0.550000011920929,221.77999877929688,0.0,202012,1.14,0.24,6.1,10.210000038146973,-19.530000686645508,175.0,40.0,149.0,119.5,242.5,483.5
824,아이마켓코리아,10850.0,58969.0,18166.0,369954,-22.139999389648438,40515000000.0,1.4299999475479126,59806.0,3627.0,5.519999980926514,166.4199981689453,25.989999771118164,202012,1.02,0.12,7.05,12.579999923706055,5.869999885559082,151.5,9.0,175.5,149.5,5.0,485.5
368,이건산업,12850.0,55491.0,54763.0,101304,-39.439998626708984,5827000000.0,2.2699999809265137,20616.0,1407.0,1.5499999523162842,122.16000366210938,1.3799999952316284,202012,0.72,0.54,5.11,11.100000381469727,0.9599999785423279,91.5,148.0,113.0,135.0,131.5,487.5
410,한화솔루션,35600.0,824042.0,972621.0,5447600,29.40999984741211,594183000000.0,6.460000038146973,1189524.0,68095.0,0.5600000023841858,153.64999389648438,2.890000104904175,202012,0.8,0.62,4.87,8.979999542236328,5.300000190734863,113.5,163.5,108.5,104.0,239.5,489.5
787,한국철강,8010.0,91215.0,46050.0,191828,187.50999450683594,35114000000.0,5.539999961853027,46997.0,3689.0,2.490000009536743,24.68000030517578,478.17999267578125,202012,0.52,0.47,5.94,15.34000015258789,-1.190000057220459,35.5,127.5,145.0,184.0,76.0,492.0
164,대유에이텍,1480.0,2070368.0,55930.0,213624,50.72999954223633,47164000000.0,3.2200000286102295,87464.0,1656.0,0.0,387.5,2.9200000762939453,202012,1.29,0.1,1.75,34.40999984741211,-1.8600000143051147,197.0,5.0,16.5,275.0,320.5,493.5
488,극동유화,4000.0,100457.0,17434.0,110205,-14.09000015258789,14308000000.0,2.2899999618530273,18227.0,1395.0,3.5,69.41000366210938,8.880000114440918,202012,0.79,0.19,6.99,15.380000114440918,4.539999961853027,109.0,27.0,173.0,185.0,35.0,494.0
560,인팩,13000.0,48553.0,5000.0,167700,0.0,12965000000.0,3.369999885559082,30615.0,1300.0,1.149999976158142,179.4499969482422,6.070000171661377,202012,1.29,0.31,3.89,12.050000190734863,3.549999952316284,197.0,78.0,77.0,143.0,172.0,495.0
507,일진홀딩스,5900.0,130244.0,49852.0,285376,-11.979999542236328,27285000000.0,2.9200000762939453,58315.0,2912.0,1.690000057220459,122.98999786376953,2.640000104904175,202012,0.98,0.27,3.94,19.280000686645508,3.509999990463257,146.5,54.5,79.5,218.0,118.0,498.5
553,삼원강재,3230.0,45380.0,20000.0,77520,-7.449999809265137,9992000000.0,4.050000190734863,16764.0,1292.0,3.25,21.25,259.0799865722656,202012,0.6,0.44,6.2,15.229999542236328,3.8399999141693115,54.0,118.5,153.0,183.0,44.0,508.5
283,신성통상,2960.0,4777265.0,71854.0,667878,79.33999633789062,74322000000.0,6.190000057220459,139553.0,4254.0,0.0,239.0500030517578,3.819999933242798,202106,1.57,0.35,2.74,11.600000381469727,11.619999885559082,236.0,93.5,46.0,140.0,320.5,515.5
443,현대위아,76900.0,273361.0,135975.0,1359345,-29.40999984741211,71957000000.0,1.090000033378601,361448.0,20913.0,0.9100000262260437,118.94999694824219,1.2699999809265137,202012,0.65,0.28,6.39,20.56999969482422,1.9600000381469727,70.5,60.5,158.0,228.0,195.5,517.0
447,유니켐,1365.0,232324.0,36344.0,88288,-14.479999542236328,15329000000.0,12.140000343322754,18623.0,992.0,3.6600000858306885,175.91000366210938,4.690000057220459,202012,0.89,0.75,4.58,8.800000190734863,12.010000228881836,130.5,185.5,102.5,100.5,29.0,519.0
659,한미글로벌,11700.0,216508.0,5478.0,125635,-32.38999938964844,16500000000.0,7.090000152587891,23697.0,1282.0,2.559999942779541,69.79000091552734,30.479999542236328,202012,0.98,0.52,5.3,9.510000228881836,7.840000152587891,146.5,141.5,121.0,110.0,74.0,519.0
677,SK렌터카,10650.0,53433.0,23642.0,518708,70.43000030517578,70795000000.0,8.1899995803833,378582.0,5036.0,0.0,380.9700012207031,1.8700000047683716,202012,1.03,0.5,1.07,20.09000015258789,4.5,154.0,137.5,3.0,225.0,320.5,519.5
317,한국전자홀딩스,2360.0,44013735.0,23401.0,109395,0.0,-195000000.0,-0.09000000357627869,10149.0,1105.0,0.0,98.66999816894531,0.0,202012,0.99,0.4,2.48,20.700000762939453,-5.360000133514404,149.0,110.0,36.0,230.0,320.5,525.0
913,한국콜마,41350.0,64940.0,11440.0,1400228,21.8799991607666,121679000000.0,9.1899995803833,183417.0,9461.0,0.8299999833106995,149.14999389648438,3.259999990463257,202012,1.48,0.64,4.15,5.739999771118164,29.270000457763672,226.5,167.0,87.0,46.0,209.5,526.5
671,SNT모티브,46300.0,76537.0,73115.0,548451,0.1899999976158142,89382000000.0,9.5,117899.0,6771.0,3.450000047683716,43.66999816894531,1965.43994140625,202012,0.81,0.7,5.36,9.800000190734863,7.269999980926514,116.5,174.5,124.5,114.0,40.5,529.5
495,유니드,106500.0,46446.0,44449.0,899460,13.5600004196167,96249000000.0,10.8100004196167,149352.0,9468.0,1.309999942779541,43.31999969482422,11.350000381469727,202012,0.95,0.92,6.02,5.019999980926514,10.289999961853027,141.0,215.0,147.0,28.0,151.5,531.0
229,신세계,235000.0,51107.0,49225.0,1503840,-81.08999633789062,88483000000.0,1.8600000143051147,744782.0,23136.0,0.6299999952316284,152.49000549316406,0.699999988079071,202012,0.65,0.44,4.01,28.670000076293945,-2.809999942779541,70.5,118.5,83.0,262.0,230.0,534.0
442,HMM,25600.0,2998615.0,2445197.0,16775996,0.0,980781000000.0,15.289999961853027,1566978.0,125194.0,0.0,455.1099853515625,2.369999885559082,202012,1.34,0.91,5.09,3.700000047683716,8.920000076293945,205.5,212.5,112.0,6.0,320.5,536.0
223,한국석유,11500.0,85580.0,6347.0,141620,184.05999755859375,17445000000.0,3.5999999046325684,21594.0,1460.0,0.7099999785423279,119.76000213623047,7.5,202012,0.97,0.25,6.35,16.1200008392334,4.590000152587891,143.0,44.0,156.5,193.0,221.0,536.5
749,동양피스톤,6870.0,107531.0,6584.0,80545,-90.7699966430664,1707000000.0,0.5299999713897705,19098.0,905.0,0.8700000047683716,262.07000732421875,0.3199999928474426,202012,0.89,0.25,2.93,51.2599983215332,-7.289999961853027,130.5,44.0,54.5,309.0,202.0,538.0
466,현대모비스,238000.0,246026.0,490969.0,14890128,-22.420000076293945,1830292000000.0,5.0,2685875.0,225608.0,1.6799999475479126,45.52000045776367,33.560001373291016,202012,0.66,0.55,7.92,10.210000038146973,4.659999847412109,75.0,150.5,196.0,119.5,119.0,541.0
545,한섬,38300.0,70447.0,12315.0,745207,-4.21999979019165,102052000000.0,8.520000457763672,155079.0,9433.0,1.1699999570846558,27.75,57.43000030517578,202012,0.79,0.71,6.35,8.800000190734863,7.849999904632568,109.0,177.5,156.5,100.5,169.5,543.5
731,롯데렌탈,39150.0,72198.0,183170.0,2194326,27.030000686645508,159948000000.0,7.099999904632568,1098683.0,14342.0,0.0,657.3099975585938,1.6699999570846558,202012,1.53,0.49,1.02,15.09000015258789,6.730000019073486,232.0,133.5,1.0,178.0,320.5,544.5
454,금호석유,162500.0,145513.0,152338.0,6485810,103.12999725341797,742159000000.0,15.430000305175781,923199.0,49510.0,2.5799999237060547,59.63999938964844,26.520000457763672,202012,1.31,0.82,5.79,3.8399999141693115,20.18000030517578,200.5,197.0,140.0,9.0,72.0,546.5
643,KSS해운,11700.0,60029.0,11592.0,249596,-3.869999885559082,50731000000.0,22.43000030517578,94599.0,2713.0,2.559999942779541,297.80999755859375,3.069999933242798,202012,0.92,1.07,2.8,10.680000305175781,4.78000020980835,135.5,237.0,47.0,128.0,74.0,547.5
462,계양전기,4330.0,64646.0,16300.0,104487,-13.479999542236328,2784000000.0,0.7300000190734863,15300.0,1412.0,0.800000011920929,51.77000045776367,3.7200000286102295,202012,0.74,0.35,6.81,15.510000228881836,5.300000190734863,97.5,93.5,169.0,189.0,215.0,549.0
829,한국자산신탁,4320.0,190051.0,61988.0,358852,56.630001068115234,178671000000.0,74.43000030517578,181927.0,5356.0,5.090000152587891,57.06999969482422,0.0,202012,0.67,2.36,6.18,4.340000152587891,18.18000030517578,77.0,305.0,151.5,18.0,8.0,551.5
801,영원무역,44000.0,74984.0,22155.0,1754730,9.270000457763672,259688000000.0,10.529999732971191,343532.0,19497.0,1.1299999952316284,52.369998931884766,15.510000228881836,202012,0.9,0.74,5.91,8.449999809265137,8.020000457763672,133.0,182.5,144.0,94.0,174.0,553.5
278,모나미,4480.0,56265.0,18897.0,71148,-98.08999633789062,40000000.0,0.029999999329447746,6433.0,847.0,1.559999942779541,117.93000030517578,0.009999999776482582,202012,0.84,0.64,11.34,4.980000019073486,0.09000000357627869,123.0,167.0,238.0,26.0,130.0,554.0
16,성창기업지주,2450.0,156121.0,36000.0,52979,0.0,8033000000.0,4.699999809265137,17804.0,1709.0,0.0,32.720001220703125,3.440000057220459,202012,0.31,0.88,9.07,10.979999542236328,0.9599999785423279,2.0,209.0,213.0,133.5,320.5,557.5
574,이구산업,3695.0,190611.0,16721.0,131016,807.260009765625,5874000000.0,2.890000104904175,11084.0,1236.0,0.8100000023841858,165.63999938964844,1.7899999618530273,202012,1.06,0.4,10.26,6.880000114440918,1.8600000143051147,162.5,110.0,228.0,63.5,212.5,564.0
1121,삼양패키징,23750.0,52684.0,71049.0,347625,25.690000534057617,52266000000.0,14.220000267028809,80696.0,3375.0,4.210000038146973,83.43000030517578,7.539999961853027,202012,1.03,0.87,3.95,10.460000038146973,10.880000114440918,154.0,205.5,81.0,125.0,19.0,565.5
301,에스엘,32450.0,116281.0,24101.0,1642410,113.66999816894531,93164000000.0,3.7200000286102295,214966.0,15642.0,1.5399999618530273,64.12000274658203,11.529999732971191,202012,1.05,0.53,5.88,10.260000228881836,4.739999771118164,159.5,144.5,142.0,121.0,133.5,567.0
672,LG전자,133500.0,4928339.0,818239.0,32333559,31.149999618530273,3194987000000.0,5.050000190734863,5837886.0,218470.0,0.8899999856948853,174.7899932861328,8.6899995803833,202012,1.48,0.33,3.45,16.149999618530273,13.220000267028809,226.5,85.5,62.5,194.0,200.0,568.5
459,DB,1055.0,1470359.0,100586.0,129442,45.31999969482422,26874000000.0,9.859999656677246,34877.0,2122.0,0.0,50.619998931884766,4.690000057220459,202012,0.61,0.68,5.44,18.829999923706055,2.390000104904175,57.5,171.5,127.0,215.0,320.5,571.0
944,쿠쿠홀딩스,18500.0,113735.0,3556.0,526320,37.349998474121094,102342000000.0,17.40999984741211,105879.0,6579.0,3.559999942779541,21.56999969482422,1117.2900390625,202012,0.8,1.04,8.21,5.090000152587891,14.880000114440918,113.5,232.0,201.0,29.0,33.0,575.5
403,한창제지,2070.0,244266.0,29833.0,149435,58.959999084472656,17247000000.0,10.0600004196167,24471.0,1235.0,0.9599999785423279,91.19999694824219,11.739999771118164,202012,1.21,0.71,5.27,8.65999984741211,11.720000267028809,186.5,177.5,118.0,97.0,187.0,579.0
588,팬오션,5530.0,2518112.0,534569.0,2601456,7.230000019073486,225212000000.0,9.020000457763672,452877.0,29562.0,0.8999999761581421,66.01000213623047,5.46999979019165,202012,0.88,0.79,6.34,9.5,3.25,128.5,191.0,155.0,109.0,198.5,583.5
1261,자이에스앤디,9190.0,48183.0,38782.0,377784,65.9800033569336,27342000000.0,7.679999828338623,32288.0,3564.0,1.5299999713897705,154.25999450683594,15.5600004196167,202012,1.06,0.68,6.64,8.380000114440918,13.59000015258789,162.5,171.5,163.5,90.0,135.0,587.5
757,웅진씽크빅,3510.0,290976.0,58700.0,454048,-35.380001068115234,13993000000.0,2.1700000762939453,59857.0,4054.0,3.130000114440918,77.75,1.340000033378601,202012,1.12,0.59,5.47,11.25,0.23000000417232513,171.5,159.5,129.0,136.0,46.5,596.0
819,코오롱인더,77400.0,243068.0,137595.0,2087400,-11.859999656677246,152441000000.0,3.7799999713897705,396664.0,21300.0,1.2899999618530273,120.05000305175781,2.640000104904175,202012,0.98,0.53,5.24,15.5,9.6899995803833,146.5,144.5,117.0,188.0,156.0,596.0
508,태경산업,6890.0,264430.0,14614.0,171190,47.68000030517578,15910000000.0,3.690000057220459,36772.0,2014.0,3.4800000190734863,56.619998931884766,5.75,202012,0.85,0.45,5.36,22.809999465942383,1.590000033378601,125.5,122.5,124.5,241.0,37.0,613.5
165,TYM,1760.0,949906.0,74922.0,303255,112.27999877929688,29086000000.0,4.079999923706055,45680.0,2637.0,0.0,284.7300109863281,2.359999895095825,202012,1.15,0.32,4.13,33.20000076293945,2.9800000190734863,177.0,82.5,86.0,271.0,320.5,616.5
364,사조동아원,1180.0,691311.0,70572.0,131614,33.599998474121094,16638000000.0,4.199999809265137,29557.0,1666.0,0.0,114.91999816894531,2.240000009536743,202012,0.79,0.41,5.65,31.049999237060547,4.739999771118164,109.0,112.0,135.0,268.0,320.5,624.0
23,한국앤컴퍼니,16200.0,68227.0,47467.0,645960,-8.399999618530273,156524000000.0,19.06999969482422,184210.0,15380.0,3.0799999237060547,8.34000015258789,59.52000045776367,202012,0.42,1.65,16.06,6.199999809265137,5.079999923706055,12.5,286.0,275.0,52.0,53.0,625.5
184,흥아해운,3005.0,739808.0,120212.0,679150,0.0,-5797000000.0,-6.519999980926514,8303.0,7225.0,0.0,0.0,0.0,202012,0.94,1.22,4.53,11.420000076293945,-2195.070068359375,139.0,250.5,99.5,137.0,320.5,626.0
1028,두산밥캣,38800.0,311264.0,50124.0,3617421,-17.43000030517578,393864000000.0,9.1899995803833,523889.0,38897.0,3.0899999141693115,70.86000061035156,8.920000076293945,202012,0.93,0.75,7.27,10.6899995803833,6.150000095367432,137.0,185.5,181.5,129.0,51.5,633.0
230,NPC,7800.0,5272127.0,18360.0,306448,4.28000020980835,20692000000.0,4.800000190734863,60829.0,2864.0,1.2799999713897705,39.0,17.3799991607666,202012,1.07,0.72,5.15,15.079999923706055,6.53000020980835,164.5,180.5,115.0,177.0,157.0,637.0
613,SBS,48000.0,109011.0,91262.0,1173974,448.94000244140625,69052000000.0,8.020000457763672,96240.0,8761.0,0.3100000023841858,106.43000030517578,10.470000267028809,202012,1.34,0.84,7.67,5.539999961853027,-12.319999694824219,205.5,201.0,192.0,42.0,265.0,640.5
219,롯데정밀화학,79600.0,151029.0,129000.0,2135848,-26.59000015258789,139232000000.0,11.020000457763672,245815.0,20537.0,1.8799999952316284,13.630000114440918,140.94000244140625,202012,1.04,1.32,8.03,4.809999942779541,12.649999618530273,156.5,263.0,198.0,25.0,104.5,642.5
296,대림B&Co,8180.0,205426.0,16672.0,115939,-58.2400016784668,1726000000.0,0.7400000095367432,10483.0,1364.0,1.5800000429153442,106.73999786376953,0.7400000095367432,202012,0.85,0.56,5.14,24.93000030517578,-1.0499999523162842,125.5,154.5,114.0,252.0,125.5,646.0
961,만도,59500.0,336956.0,46957.0,4079094,-59.41999816894531,88701000000.0,1.590000033378601,394496.0,27939.0,0.9200000166893005,188.86000061035156,1.9700000286102295,202012,1.46,0.45,6.24,12.529999732971191,0.3700000047683716,223.0,122.5,154.0,148.0,192.5,647.5
445,태림포장,4100.0,83804.0,35402.0,261270,-54.20000076293945,9537000000.0,1.7000000476837158,35633.0,2903.0,7.070000171661377,74.69999694824219,2.5199999809265137,202012,0.9,0.46,7.72,16.729999542236328,0.9700000286102295,133.0,125.5,193.0,200.0,1.0,651.5
193,대한항공,29650.0,1209570.0,1739104.0,15159963,-38.150001525878906,108918000000.0,1.4299999475479126,2078037.0,103129.0,0.0,660.6300048828125,0.20999999344348907,202012,1.47,1.06,2.11,14.239999771118164,-7.21999979019165,225.0,235.0,25.0,171.5,320.5,656.5
700,유니퀘스트,11450.0,572131.0,13667.0,353689,31.309999465942383,9010000000.0,2.240000009536743,12167.0,3130.0,1.090000033378601,60.540000915527344,7.860000133514404,202012,1.13,0.56,17.32,6.28000020980835,10.800000190734863,173.0,154.5,278.0,54.0,179.0,659.5
46,현대건설,48100.0,413278.0,556778.0,4231398,-36.13999938964844,548972000000.0,3.2300000190734863,720630.0,53562.0,1.2400000095367432,104.63999938964844,7.03000020980835,202012,0.79,0.32,7.07,43.40999984741211,1.840000033378601,109.0,82.5,178.0,292.0,161.0,661.5
772,SBS미디어홀딩,1930.0,138033.0,69948.0,129600,0.0,-5938000000.0,-3.5899999141693115,995.0,2700.0,0.0,37.08000183105469,0.0,202012,0.48,1.45,47.07,5.010000228881836,-11.930000305175781,25.5,276.0,335.0,27.0,320.5,663.5
437,LG이노텍,288000.0,416887.0,118335.0,14927259,42.970001220703125,681019000000.0,7.139999866485596,1349526.0,68161.0,0.23999999463558197,148.74000549316406,13.710000038146973,202012,2.19,0.52,5.76,9.119999885559082,10.1899995803833,279.0,141.5,139.0,106.5,270.5,666.0
711,휠라홀딩스,37150.0,361194.0,61674.0,3114521,-27.530000686645508,341077000000.0,10.899999618530273,441544.0,22569.0,0.49000000953674316,102.36000061035156,9.380000114440918,202012,1.38,0.6,7.4,9.59000015258789,10.9399995803833,210.5,161.5,185.5,111.0,251.5,668.5
620,한국토지신탁,2600.0,6577754.0,252489.0,452984,-21.360000610351562,93834000000.0,39.52000045776367,100935.0,6565.0,3.4600000381469727,67.33999633789062,0.0,202012,0.69,2.77,9.59,5.940000057220459,9.4399995803833,82.5,315.0,221.0,50.0,39.0,668.5
531,한국카본,10550.0,460904.0,21980.0,551921,199.47999572753906,75727000000.0,18.389999389648438,84205.0,4638.0,1.7000000476837158,25.700000762939453,197.4199981689453,202012,1.19,1.14,5.55,10.359999656677246,16.549999237060547,182.5,244.0,130.0,123.0,117.0,679.5
578,부국철강,4250.0,141540.0,10000.0,61200,466.7699890136719,1788000000.0,1.2899999618530273,2040.0,850.0,1.7599999904632568,16.709999084472656,6552.02001953125,202012,0.72,0.5,23.22,12.90999984741211,0.7200000286102295,91.5,137.5,302.0,155.0,111.0,686.0
586,삼성물산,112500.0,310539.0,18688.0,15137856,-1.1200000047683716,857079000000.0,2.8399999141693115,1401087.0,210248.0,2.0399999618530273,64.91000366210938,9.069999694824219,202012,0.72,0.65,15.76,12.800000190734863,3.809999942779541,91.5,169.0,273.0,154.0,97.5,687.5
567,덕양산업,3435.0,286792.0,16282.0,254013,0.0,-501000000.0,-0.03999999910593033,21430.0,1119.0,0.0,819.8099975585938,0.0,202012,2.27,0.08,3.76,114.5,-12.699999809265137,284.0,2.5,72.5,336.0,320.5,695.0
562,WISCOM,3650.0,51854.0,7663.0,26272,0.0,-1721000000.0,-1.6799999475479126,2031.0,559.0,1.3600000143051147,11.9399995803833,0.0,202012,0.47,0.5,14.09,43.45000076293945,-0.8500000238418579,20.5,137.5,265.0,293.0,148.0,716.0
201,LG,86300.0,373030.0,786504.0,9231068,71.19999694824219,1702238000000.0,25.670000076293945,1876065.0,135751.0,2.890000104904175,16.389999389648438,51.68000030517578,202012,0.68,1.86,23.71,5.690000057220459,7.5,78.5,294.0,304.0,45.0,62.0,721.5
273,녹십자홀딩스,27150.0,69368.0,25321.0,1851359,5.96999979019165,70732000000.0,4.110000133514404,123563.0,12768.0,1.840000033378601,93.68000030517578,2.9100000858306885,202012,1.45,0.76,9.96,8.369999885559082,19.729999542236328,220.0,188.5,224.0,89.0,107.5,721.5
573,한솔홈데코,1770.0,836616.0,83765.0,125488,0.0,2884000000.0,1.1299999952316284,10528.0,1426.0,0.0,90.87999725341797,1.0800000429153442,202012,0.88,0.56,9.22,20.81999969482422,0.3799999952316284,128.5,154.5,215.0,231.0,320.5,729.0
206,방림,2845.0,669374.0,21157.0,73444,0.0,-1342000000.0,-1.1399999856948853,3544.0,1204.0,1.2300000190734863,23.389999389648438,0.0,202009,0.61,0.94,22.23,13.050000190734863,2.619999885559082,57.5,219.5,295.5,157.0,163.0,729.5
942,더블유게임즈,64200.0,391756.0,9187.0,1698623,25.600000381469727,194184000000.0,29.5,238730.0,11796.0,0.5400000214576721,10.270000457763672,18.6299991607666,202012,1.44,1.87,5.02,9.270000457763672,16.940000534057617,217.5,295.0,111.0,108.0,244.5,731.5
154,진흥기업,2215.0,880194.0,72735.0,657288,-47.63999938964844,14680000000.0,3.890000104904175,17013.0,3222.0,0.0,138.0500030517578,9.34000015258789,202012,2.04,0.81,10.25,6.21999979019165,18.860000610351562,270.0,193.5,227.0,53.0,320.5,743.5
402,경동나비엔,59200.0,42466.0,14568.0,1716375,49.689998626708984,67099000000.0,7.679999828338623,99207.0,8625.0,0.5899999737739563,111.0199966430664,16.969999313354492,202012,1.99,0.79,6.89,9.989999771118164,12.829999923706055,266.0,191.0,172.0,116.0,234.5,745.0
388,SIMPAC,6950.0,116235.0,32714.0,427417,-30.100000381469727,7787000000.0,2.130000114440918,20877.0,4547.0,0.8600000143051147,58.900001525878906,2.640000104904175,202012,0.94,1.05,21.52,8.100000381469727,7.539999961853027,139.0,233.5,294.0,81.0,204.0,747.5
1169,롯데정보통신,39800.0,51769.0,76981.0,888560,-5.75,38750000000.0,4.550000190734863,76398.0,6128.0,1.75,57.130001068115234,188.94000244140625,202012,1.45,0.69,6.42,16.600000381469727,7.429999828338623,220.0,173.0,159.0,199.0,112.0,751.0
243,세방전지,85000.0,232114.0,7000.0,1225700,-18.290000915527344,86348000000.0,6.889999866485596,131377.0,11900.0,0.5799999833106995,33.279998779296875,14.729999542236328,202012,1.03,0.92,7.82,15.75,6.130000114440918,154.0,215.0,195.0,191.0,236.0,755.0
418,LS ELECTRIC,57000.0,56741.0,150000.0,2034900,-20.670000076293945,133713000000.0,5.570000171661377,230446.0,17100.0,1.9199999570846558,79.7300033569336,9.069999694824219,202012,1.19,0.71,7.31,18.6299991607666,6.150000095367432,182.5,177.5,183.0,213.0,101.0,756.0
559,인지컨트롤스,15850.0,82114.0,7580.0,312390,0.0,-2884000000.0,-0.6299999952316284,24005.0,2403.0,0.6299999952316284,173.3000030517578,0.0,202012,1.3,0.48,5.65,44.02000045776367,-1.7699999809265137,199.0,130.0,135.0,295.0,230.0,759.0
42,SK하이닉스,111500.0,2324668.0,3657652.0,112017774,84.33999633789062,5012624000000.0,15.710000038146973,14784817.0,811723.0,1.0399999618530273,37.11000061035156,19.780000686645508,202012,1.38,2.1,5.57,10.069999694824219,9.520000457763672,210.5,299.0,132.5,117.0,181.5,759.0
622,백산,7630.0,189422.0,14000.0,238134,-87.66000366210938,3954000000.0,1.0299999713897705,12592.0,1846.0,1.309999942779541,137.75999450683594,1.1200000047683716,202012,1.29,0.51,8.11,21.309999465942383,-11.970000267028809,197.0,140.0,199.0,234.0,151.5,770.0
151,TCC스틸,7480.0,275138.0,23500.0,221508,-92.44999694824219,970000000.0,0.2199999988079071,7699.0,1758.0,0.1899999976158142,153.25,0.1599999964237213,202012,1.26,0.36,18.24,16.540000915527344,-1.2999999523162842,191.0,97.5,285.0,197.0,273.5,770.5
769,진양홀딩스,3645.0,906230.0,27947.0,126294,-10.050000190734863,11580000000.0,5.46999979019165,19319.0,2037.0,4.659999847412109,40.970001220703125,6.690000057220459,202012,0.62,0.91,13.7,22.09000015258789,8.229999542236328,60.5,212.5,262.0,238.0,11.0,773.0
948,제이에스코퍼레,24650.0,117890.0,1333.0,601521,-28.40999984741211,7945000000.0,1.9700000286102295,18659.0,3287.0,1.8200000524520874,234.7100067138672,3.0199999809265137,202012,1.83,0.35,16.03,12.779999732971191,1.5399999618530273,254.0,93.5,274.0,153.0,109.0,774.5
29,삼화페인트,9740.0,74730.0,13601.0,238500,33.529998779296875,15020000000.0,2.7200000286102295,31108.0,2650.0,1.5399999618530273,103.30999755859375,2.990000009536743,202012,0.9,0.43,6.72,3246.659912109375,2.2899999618530273,133.0,115.5,167.0,360.0,133.5,775.5
525,수산중공업,2650.0,185913.0,26992.0,174582,-3.25,7002000000.0,5.079999923706055,11786.0,1431.0,0.3700000047683716,128.08999633789062,4.400000095367432,202012,1.22,0.71,8.31,17.780000686645508,3.950000047683716,188.0,177.5,204.0,207.0,258.0,776.5
1153,케이씨텍,23500.0,100473.0,10430.0,666672,14.430000305175781,56138000000.0,17.549999237060547,68935.0,4902.0,0.9300000071525574,17.100000381469727,2145.4599609375,202012,1.36,1.46,5.98,12.699999809265137,13.390000343322754,208.5,277.5,146.0,151.0,190.5,783.0
610,KT&G,84000.0,405326.0,954959.0,14761728,7.349999904632568,1481051000000.0,27.940000534057617,1684372.0,115326.0,5.710000038146973,26.139999389648438,246.6699981689453,202012,1.28,2.13,6.65,10.399999618530273,13.220000267028809,194.5,300.0,165.0,124.0,3.0,783.5
489,태경비케이,5360.0,196072.0,13791.0,153712,179.05999755859375,10798000000.0,6.53000020980835,20311.0,1478.0,1.8600000143051147,41.75,14.6899995803833,202012,1.04,0.87,8.27,19.420000076293945,3.4200000762939453,156.5,205.5,203.0,219.0,106.0,784.0
1217,한일시멘트,22100.0,1260428.0,34630.0,1714384,125.2699966430664,132795000000.0,13.630000114440918,182166.0,15307.0,2.299999952316284,76.66999816894531,10.149999618530273,202012,1.12,1.24,7.46,14.550000190734863,8.6899995803833,171.5,253.0,187.0,174.0,86.0,785.5
580,BGF,5840.0,258476.0,95716.0,201240,-44.45000076293945,14640000000.0,9.479999542236328,27920.0,5590.0,1.8799999952316284,7.880000114440918,42.189998626708984,202012,0.36,3.18,33.95,10.8100004196167,1.809999942779541,8.0,320.0,328.0,130.0,104.5,786.0
845,에스디바이오센,53700.0,605033.0,51635.0,13476051,48479.53125,738264000000.0,43.779998779296875,746238.0,55457.0,0.0,92.94000244140625,1702.530029296875,202012,2.43,2.06,6.64,5.480000019073486,139.69000244140625,290.0,298.0,163.5,39.0,320.5,790.5
1011,LS전선아시아,8070.0,68086.0,15312.0,437367,-38.040000915527344,16082000000.0,2.7699999809265137,23402.0,2471.0,2.4700000286102295,179.77000427246094,4.039999961853027,202012,1.77,0.36,8.72,21.6299991607666,5.349999904632568,252.0,97.5,208.0,235.0,78.0,792.5
431,아이에스동서,45100.0,56145.0,15446.0,1630160,192.5,209023000000.0,17.40999984741211,261246.0,13933.0,2.2100000381469727,160.52999877929688,4.130000114440918,202012,1.17,1.07,5.33,25.829999923706055,10.920000076293945,181.0,237.0,122.5,255.0,91.0,795.5
0,동화약품,13800.0,299479.0,27931.0,439470,142.41000366210938,23153000000.0,8.510000228881836,33860.0,3855.0,1.2999999523162842,26.59000015258789,79.25,202012,1.14,1.36,8.91,12.34000015258789,9.029999732971191,175.0,266.0,211.0,145.5,154.5,797.5
367,대동전자,9460.0,247538.0,5245.0,61504,77.94000244140625,3043000000.0,7.650000095367432,7284.0,992.0,5.28000020980835,25.010000228881836,0.0,202103,0.62,1.98,15.11,14.5,2.2200000286102295,60.5,297.0,269.0,173.0,7.0,799.5
1117,한화시스템,16250.0,1022193.0,944596.0,3223395,8.270000457763672,92863000000.0,5.650000095367432,192558.0,30699.0,1.409999966621399,160.97000122070312,14.899999618530273,202012,1.05,1.05,7.75,18.670000076293945,9.350000381469727,159.5,233.5,194.0,214.0,142.0,801.0
810,락앤락,10200.0,578631.0,27500.0,432560,18.969999313354492,28927000000.0,5.760000228881836,65216.0,5407.0,0.0,17.709999084472656,25.610000610351562,202012,0.8,1.02,7.15,34.810001373291016,1.7400000095367432,113.5,229.0,180.0,279.0,320.5,801.5
791,한세실업,24200.0,161418.0,20000.0,2110240,-23.59000015258789,64864000000.0,3.819999933242798,102474.0,9680.0,2.059999942779541,142.3300018310547,5.96999979019165,202012,2.18,0.62,6.85,16.389999389648438,10.970000267028809,278.0,163.5,171.0,195.0,95.0,807.5
947,코스맥스,101500.0,65000.0,5674.0,2280960,23.420000076293945,66641000000.0,4.820000171661377,112461.0,11520.0,0.8799999952316284,337.30999755859375,3.319999933242798,202012,1.98,0.7,5.45,23.020000457763672,6.230000019073486,265.0,174.5,128.0,243.0,201.0,810.5
945,드림텍,11000.0,388419.0,6670.0,1746684,-35.34000015258789,19695000000.0,1.8799999952316284,62229.0,7188.0,0.8999999761581421,99.91999816894531,5.230000019073486,202012,2.43,0.56,8.62,13.609999656677246,8.779999732971191,290.0,154.5,206.0,165.0,198.5,815.5
584,삼성엔지니어링,22250.0,690797.0,980000.0,9768640,-14.5600004196167,361182000000.0,5.349999904632568,410754.0,43610.0,0.0,200.66000366210938,38.560001373291016,202012,2.24,0.64,9.46,12.579999923706055,17.31999969482422,282.5,167.0,220.0,149.5,320.5,819.0
1036,에이플러스에셋,10300.0,846894.0,11303.0,598553,10.920000076293945,23161000000.0,8.109999656677246,40492.0,2329.0,3.390000104904175,124.29000091552734,8.300000190734863,202012,2.57,0.83,5.57,16.5,29.700000762939453,296.5,200.0,132.5,196.0,42.0,825.0
157,아모레G,46850.0,85048.0,41229.0,5099424,-69.76000213623047,150661000000.0,3.059999942779541,684820.0,38632.0,0.49000000953674316,24.18000030517578,6.579999923706055,202012,1.32,0.87,6.18,29.84000015258789,0.3100000023841858,202.5,205.5,151.5,266.0,251.5,825.5
432,퍼스텍,2160.0,184843.0,24030.0,236664,0.0,4016000000.0,3.0399999618530273,5838.0,1038.0,0.0,304.0199890136719,9.420000076293945,202012,2.28,0.75,12.34,9.770000457763672,19.799999237060547,285.0,185.5,245.0,113.0,320.5,828.5
754,효성ITX,21500.0,50295.0,5779.0,1046185,29.059999465942383,16812000000.0,3.4700000286102295,35326.0,2485.0,3.4800000190734863,227.16000366210938,11.010000228881836,202012,4.21,0.54,5.43,19.520000457763672,25.209999084472656,334.0,148.0,126.0,221.0,37.0,829.0
1265,현대에너지솔루,21600.0,51798.0,56000.0,179006,-60.20000076293945,8780000000.0,2.2300000190734863,15427.0,2419.0,0.9200000166893005,39.38999938964844,10.40999984741211,202012,0.74,0.59,13.52,57.13999938964844,1.9299999475479126,97.5,159.5,260.0,315.0,192.5,832.0
678,휴켐스,23000.0,295842.0,40878.0,1306878,-10.449999809265137,95247000000.0,16.049999237060547,126519.0,9402.0,4.340000152587891,26.110000610351562,40.459999084472656,202012,1.39,1.39,7.4,14.8100004196167,7.510000228881836,212.0,268.0,185.5,175.0,16.5,840.5
1245,센트랄모텍,26400.0,100611.0,4305.0,475057,-39.040000915527344,6277000000.0,1.9800000190734863,23232.0,2273.0,0.0,159.89999389648438,2.490000009536743,202012,2.09,0.63,7.39,20.239999771118164,6.840000152587891,273.0,165.0,184.0,227.0,320.5,849.0
563,디씨엠,27500.0,96876.0,6000.0,469828,-16.06999969482422,14712000000.0,8.899999618530273,16943.0,3218.0,1.809999942779541,20.600000381469727,117.05999755859375,202012,1.46,1.43,17.94,8.239999771118164,10.979999542236328,223.0,272.0,280.0,84.0,110.0,859.0
975,이노션,58900.0,43553.0,10000.0,1790559,-8.489999771118164,111506000000.0,9.130000114440918,149212.0,11780.0,3.049999952316284,160.72000122070312,32.59000015258789,202012,1.52,0.94,8.21,17.93000030517578,8.270000457763672,230.0,219.5,201.0,209.0,54.5,859.5
551,코웨이,76000.0,130313.0,40662.0,19126008,32.33000183105469,606438000000.0,18.729999542236328,1149731.0,56088.0,1.5700000524520874,103.29000091552734,28.600000381469727,202012,3.41,1.63,4.25,13.15999984741211,31.510000228881836,327.0,285.0,89.0,160.0,128.0,861.0
1311,교촌에프앤비,18000.0,186228.0,12579.0,1164723,4.260000228881836,41029000000.0,9.170000076293945,48805.0,4497.0,1.1100000143051147,49.5099983215332,51.11000061035156,202012,2.59,0.89,7.66,13.239999771118164,20.389999389648438,299.0,211.0,191.0,161.0,177.0,862.0
150,신일전자,1980.0,748748.0,35523.0,240596,294.79998779296875,6236000000.0,3.619999885559082,7604.0,1407.0,1.0099999904632568,46.939998626708984,28.700000762939453,202012,1.71,0.76,13.11,14.239999771118164,11.079999923706055,249.0,188.5,255.0,171.5,184.0,864.0
416,OCI,118500.0,156352.0,127246.0,2882724,0.0,-86145000000.0,-4.300000190734863,52510.0,28262.0,0.0,85.98999786376953,0.0,202012,1.02,1.01,28.31,14.119999885559082,-9.890000343322754,151.5,227.0,319.0,169.0,320.5,866.5
533,삼성에스디에스,154500.0,85302.0,38688.0,19964683,-11.970000267028809,871618000000.0,7.909999847412109,1322909.0,119549.0,1.5499999523162842,33.470001220703125,53.279998779296875,202012,1.67,0.94,8.21,17.59000015258789,6.710000038146973,245.0,219.5,201.0,205.0,131.5,870.5
651,한전KPS,41300.0,985392.0,9000.0,3196620,-30.18000030517578,135401000000.0,10.390000343322754,178419.0,18585.0,2.7699999809265137,28.350000381469727,326.7200012207031,202012,1.72,1.31,5.89,19.020000457763672,8.229999542236328,250.0,262.0,143.0,216.0,66.0,871.0
708,LIG넥스원,65000.0,2980146.0,110000.0,2759900,252.02999877929688,63741000000.0,3.9800000190734863,115345.0,14300.0,1.3799999952316284,285.95001220703125,3.819999933242798,202012,1.93,0.82,10.9,15.149999618530273,8.859999656677246,261.0,197.0,234.0,181.0,145.0,873.0
575,남해화학,12150.0,720227.0,49678.0,796752,72.1500015258789,26391000000.0,2.609999895095825,42708.0,6036.0,0.6499999761581421,30.139999389648438,28.43000030517578,202012,1.32,0.53,11.56,39.83000183105469,5.650000095367432,202.5,144.5,241.0,286.0,226.5,874.0
251,팜젠사이언스,10400.0,134228.0,7356.0,227969,0.0,-669000000.0,-0.6899999976158142,2292.0,1530.0,0.0,62.189998626708984,0.0,202012,1.49,1.53,25.68,6.309999942779541,13.210000038146973,228.0,284.0,312.0,55.0,320.5,879.0
592,제일기획,23350.0,172393.0,23008.0,6608052,-0.4399999976158142,204917000000.0,7.460000038146973,234895.0,26862.0,3.5899999141693115,120.81999969482422,34.970001220703125,202012,2.46,0.87,9.25,13.75,16.110000610351562,293.0,205.5,216.5,166.0,31.5,881.0
393,신원,2980.0,5156944.0,47784.0,373088,-96.6500015258789,300000000.0,0.03999999910593033,9450.0,2848.0,0.0,118.62000274658203,0.07000000029802322,202012,1.31,0.34,14.33,82.7699966430664,-3.9200000762939453,200.5,89.0,266.0,329.0,320.5,884.5
304,삼성전자,71200.0,11954728.0,778046.0,714081480,29.6200008392334,35993876000000.0,15.199999809265137,66329492.0,4250485.0,4.199999809265137,37.06999969482422,61.7400016784668,202012,1.68,1.83,7.14,13.800000190734863,9.989999771118164,246.5,292.5,179.0,167.0,20.0,885.0
288,삼진제약,25750.0,79767.0,13900.0,586956,-28.190000534057617,32242000000.0,13.710000038146973,38732.0,3579.0,3.0999999046325684,26.040000915527344,772.3200073242188,202012,1.64,1.52,8.0,13.5600004196167,13.569999694824219,242.5,282.0,197.0,164.0,49.5,885.5
427,진양폴리,4520.0,141768.0,5000.0,73224,-27.739999771118164,2242000000.0,6.039999961853027,4062.0,452.0,2.759999990463257,66.44999694824219,13.720000267028809,202012,1.62,0.96,9.91,17.450000762939453,6.03000020980835,239.5,223.0,222.0,203.0,67.0,887.5
339,태경케미컬,12100.0,69882.0,5800.0,147420,546.469970703125,7702000000.0,16.3700008392334,9984.0,1404.0,1.649999976158142,13.270000457763672,687.75,202012,1.05,2.81,13.1,13.079999923706055,6.369999885559082,159.5,316.5,254.0,158.0,120.0,888.0
386,삼성전기,174000.0,1029386.0,373468.0,26253334,11.899999618530273,829130000000.0,10.100000381469727,1670308.0,129967.0,0.800000011920929,56.09000015258789,17.350000381469727,202012,2.02,1.4,7.59,13.369999885559082,10.920000076293945,269.0,270.0,190.0,162.0,215.0,891.0
517,대성홀딩스,44400.0,92134.0,16089.0,1093032,14.739999771118164,27386000000.0,3.0799999237060547,61092.0,7144.0,0.5600000023841858,103.05999755859375,4.510000228881836,202012,1.53,0.82,12.84,18.440000534057617,9.729999542236328,232.0,197.0,250.0,212.0,239.5,891.0
321,대원전선,1795.0,430812.0,35508.0,192525,325.4700012207031,4270000000.0,1.149999976158142,7412.0,1275.0,0.0,124.88999938964844,5.230000019073486,202012,1.51,0.3,17.95,56.09000015258789,2.7899999618530273,229.0,72.5,281.0,314.0,320.5,896.5
732,평화산업,1860.0,657671.0,27451.0,333867,0.0,-7210000000.0,-2.130000114440918,4294966496.0,1021.0,0.0,695.0,0.0,202012,3.27,0.25,12.92,37.20000076293945,-26.389999389648438,325.0,44.0,251.5,283.0,320.5,903.5
714,그린케미칼,9680.0,84825.0,12000.0,466922,88.30999755859375,14708000000.0,6.070000171661377,30768.0,2323.0,2.1600000858306885,56.16999816894531,19.25,202012,2.01,0.94,7.27,21.649999618530273,9.329999923706055,267.5,219.5,181.5,236.0,94.0,904.5
407,모토닉,10450.0,43514.0,16500.0,286267,17.190000534057617,11362000000.0,6.360000133514404,20419.0,3449.0,3.819999933242798,6.710000038146973,399.489990234375,202012,0.83,1.77,15.01,20.649999618530273,3.609999895095825,120.0,290.0,268.0,229.0,26.0,907.0
694,유엔젤,5490.0,313652.0,6597.0,112220,0.0,1199000000.0,4.429999828338623,2213.0,724.0,0.0,37.11000061035156,10.399999618530273,202012,1.55,2.46,58.4,5.230000019073486,-1.6699999570846558,234.0,308.0,340.0,33.0,320.5,915.0
470,경인양행,6770.0,123845.0,20773.0,357251,-85.69000244140625,3369000000.0,1.0199999809265137,21484.0,2813.0,0.7300000190734863,121.16999816894531,0.7099999785423279,202012,1.27,0.79,12.24,41.029998779296875,-4.179999828338623,192.5,191.0,244.0,288.0,219.0,915.5
333,영풍제지,7080.0,68122.0,11100.0,188640,-6.099999904632568,10214000000.0,10.40999984741211,14612.0,1572.0,0.5600000023841858,59.709999084472656,43.400001525878906,202012,1.2,1.33,10.38,22.049999237060547,6.940000057220459,184.5,264.0,231.0,237.0,239.5,916.5
612,두산중공업,24050.0,10971093.0,2593536.0,23452812,-85.69000244140625,154091000000.0,1.0199999809265137,722857.0,124749.0,0.0,259.7699890136719,0.3400000035762787,202012,1.88,0.6,7.48,70.11000061035156,-37.20000076293945,256.5,161.5,188.0,322.0,320.5,928.0
676,삼성출판사,38250.0,127554.0,5000.0,1032750,0.0,-4508000000.0,-2.700000047683716,25916.0,3825.0,0.5199999809265137,68.37000274658203,0.0,202012,2.7,2.32,12.54,7.630000114440918,45.58000183105469,306.0,303.0,246.0,74.0,247.0,929.0
370,남선알미늄,2745.0,2734708.0,55089.0,423359,0.0,-1515000000.0,-0.5600000023841858,3971.0,3024.0,0.0,55.720001220703125,0.0,202012,1.4,1.18,45.0,11.979999542236328,5.71999979019165,213.5,247.0,334.0,142.0,320.5,936.5
359,코리아써키트,22750.0,700727.0,11810.0,940450,-3.309999942779541,13403000000.0,1.4900000095367432,41817.0,5374.0,0.0,62.75,9.279999732971191,202012,1.75,0.55,9.31,65.18000030517578,3.390000104904175,251.0,150.5,218.0,319.0,320.5,938.5
450,한농화성,18350.0,966709.0,7818.0,576669,15.0600004196167,13749000000.0,6.599999904632568,21352.0,2869.0,0.9800000190734863,30.969999313354492,26.670000076293945,202012,2.01,1.14,12.64,15.119999885559082,10.34000015258789,267.5,244.0,248.0,179.5,186.0,939.0
82,백광산업,5490.0,531562.0,22459.0,335376,-40.95000076293945,12521000000.0,7.309999942779541,28138.0,2466.0,0.9100000262260437,82.0999984741211,6.230000019073486,202012,1.36,1.39,8.67,25.889999389648438,5.889999866485596,208.5,268.0,207.0,256.0,195.5,939.5
527,현대엘리베이,45850.0,192851.0,212235.0,3518232,10.140000343322754,150017000000.0,8.239999771118164,178783.0,18714.0,1.7400000095367432,156.1199951171875,6.400000095367432,202012,1.88,0.99,11.06,19.700000762939453,9.770000457763672,256.5,226.0,236.0,222.0,113.0,940.5
521,광명전기,2690.0,293852.0,21668.0,129426,-47.66999816894531,4237000000.0,3.430000066757202,5859.0,1166.0,0.550000011920929,51.099998474121094,20.940000534057617,202012,1.11,1.07,13.79,34.47999954223633,4.670000076293945,169.5,237.0,263.0,276.0,242.5,945.5
6,하이트진로,33550.0,242559.0,363168.0,5176600,124.91000366210938,198478000000.0,8.800000190734863,358407.0,23530.0,2.2300000190734863,206.97999572753906,4.289999961853027,202012,2.2,1.1,5.56,45.70000076293945,8.229999542236328,280.0,241.0,131.0,297.0,90.0,949.0
1209,효성첨단소재,629000.0,44619.0,22399.0,14624901,-78.38999938964844,34208000000.0,1.4299999475479126,210567.0,28179.0,0.0,523.5999755859375,0.7300000190734863,202012,5.19,0.85,12.92,13.119999885559082,0.019999999552965164,340.0,202.0,251.5,159.0,320.5,952.5
606,자화전자,18450.0,252924.0,8950.0,383147,0.0,-19315000000.0,-6.420000076293945,10485.0,3303.0,0.0,30.65999984741211,0.0,202012,1.16,0.97,24.34,22.90999984741211,-2.2899999618530273,179.0,224.5,308.0,242.0,320.5,953.5
377,아남전자,2385.0,2291891.0,38562.0,474462,122.44000244140625,6952000000.0,2.630000114440918,11748.0,1839.0,0.0,225.66000366210938,3.609999895095825,202012,2.58,0.54,13.32,24.84000015258789,9.100000381469727,298.0,148.0,257.0,251.0,320.5,954.0
484,대영포장,2280.0,443892.0,54197.0,378063,-64.93000030517578,4701000000.0,1.7999999523162842,15556.0,2471.0,0.0,35.130001068115234,9.90999984741211,202012,1.53,0.86,13.33,28.5,2.180000066757202,232.0,203.0,258.0,261.0,320.5,954.0
932,NHN,94700.0,242708.0,9782.0,2019552,17.889999389648438,102193000000.0,6.099999904632568,168346.0,18528.0,0.0,38.31999969482422,19.229999542236328,202012,1.09,1.03,10.03,84.55000305175781,1.350000023841858,167.0,231.0,225.0,332.0,320.5,955.0
1114,오리온,105500.0,131471.0,19768.0,8842732,14.819999694824219,376122000000.0,16.8700008392334,515085.0,41711.0,0.7099999785423279,40.470001220703125,51.09000015258789,202012,2.12,1.83,7.52,17.299999237060547,15.5,275.0,292.5,189.0,202.0,221.0,958.5
699,세진중공업,6110.0,88659.0,31224.0,684378,-87.3499984741211,1183000000.0,0.4099999964237213,10242.0,3474.0,2.450000047683716,178.0500030517578,0.20999999344348907,202012,1.97,1.39,28.55,10.15999984741211,1.190000057220459,264.0,268.0,320.0,118.0,79.0,970.0
1096,현대일렉트릭,25050.0,860090.0,180235.0,1146810,0.0,72699000000.0,4.010000228881836,114603.0,9030.0,0.0,234.6199951171875,2.4100000858306885,202012,1.27,0.53,22.98,99.4000015258789,-5.840000152587891,192.5,144.5,300.0,335.0,320.5,972.0
378,율촌화학,22000.0,119751.0,14776.0,872960,3.390000104904175,26719000000.0,5.130000114440918,53980.0,5456.0,2.2699999809265137,76.43000030517578,9.25,202012,1.6,1.02,8.81,52.880001068115234,5.849999904632568,237.0,229.0,209.0,310.0,87.0,985.0
213,진양산업,7240.0,453364.0,6500.0,200433,-13.6899995803833,7890000000.0,12.270000457763672,9941.0,941.0,2.4800000190734863,62.84000015258789,76.2300033569336,202012,2.13,1.27,10.33,19.780000686645508,12.15999984741211,276.0,258.0,230.0,224.0,77.0,988.0
624,NAVER,404000.0,415847.0,16481.0,185814720,5.21999979019165,1215342000000.0,22.90999984741211,1710620.0,663624.0,0.09000000357627869,106.0999984741211,56.09000015258789,202012,2.8,10.37,33.68,3.990000009536743,15.210000038146973,311.0,344.0,327.0,11.0,278.0,993.0
537,한온시스템,13400.0,611089.0,53380.0,22245519,-34.720001220703125,315800000000.0,4.590000152587891,784042.0,71529.0,2.380000114440918,248.6300048828125,3.5299999713897705,202012,3.11,0.95,8.41,24.450000762939453,5.090000152587891,320.0,222.0,205.0,248.0,82.0,995.0
142,범양건영,7450.0,752443.0,24831.0,401450,4.840000152587891,12006000000.0,8.319999694824219,13417.0,1850.0,0.0,93.66999816894531,7.349999904632568,202012,2.17,1.71,11.94,15.420000076293945,14.510000228881836,277.0,289.0,243.0,187.0,320.5,996.0
763,엠씨넥스,47900.0,480574.0,8983.0,2659253,-47.66999816894531,59167000000.0,4.510000228881836,118010.0,8606.0,1.0399999618530273,79.25,16.15999984741211,202012,3.09,0.88,7.05,45.400001525878906,16.100000381469727,319.0,209.0,175.5,296.0,181.5,999.5
181,대원제약,16050.0,87473.0,10612.0,555341,-31.360000610351562,24098000000.0,7.809999942779541,39772.0,3407.0,0.9399999976158142,57.54999923706055,20.3799991607666,202012,1.63,1.08,6.84,517.739990234375,8.420000076293945,241.0,239.0,170.0,356.0,189.0,1006.0
177,대웅,30700.0,67766.0,29070.0,4712400,-7.800000190734863,98055000000.0,7.230000019073486,148903.0,17850.0,0.3199999928474426,64.5199966430664,9.329999923706055,202012,2.64,1.25,11.29,19.079999923706055,15.100000381469727,301.0,255.0,237.0,217.0,263.5,1010.0
439,CJ씨푸드,3750.0,48138.0,17965.0,264012,7.090000152587891,3962000000.0,2.6600000858306885,10429.0,1347.0,0.0,105.48999786376953,5.940000057220459,202012,1.96,0.88,13.44,35.040000915527344,3.2300000190734863,262.5,209.0,259.0,280.0,320.5,1010.5
392,한샘,85400.0,62740.0,23533.0,6431360,66.94000244140625,93106000000.0,4.5,157475.0,20098.0,1.5199999809265137,95.5,11.930000305175781,202012,3.2,0.92,10.3,24.170000076293945,10.829999923706055,322.0,215.0,229.0,245.0,136.5,1011.0
56,보해양조,925.0,500183.0,69007.0,186441,0.0,1747000000.0,2.2200000286102295,11646.0,1277.0,0.0,89.5999984741211,0.8399999737739563,202012,1.46,1.52,8.98,46.25,2.2100000381469727,223.0,282.0,212.0,298.0,320.5,1015.0
534,조일알미늄,2255.0,10122530.0,51315.0,418834,0.0,-4028000000.0,-1.2100000381469727,765.0,2314.0,0.0,145.72000122070312,0.0,202012,1.81,0.56,55.0,33.650001525878906,-7.849999904632568,253.0,154.5,338.0,272.0,320.5,1017.5
179,디아이,8430.0,390175.0,17248.0,488520,0.0,5521000000.0,3.4000000953674316,11011.0,2655.0,1.1799999475479126,65.44999694824219,4.460000038146973,202012,1.84,1.21,22.6,19.459999084472656,4.130000114440918,255.0,249.0,298.0,220.0,167.5,1022.0
721,엔케이,1045.0,262450.0,39991.0,78583,0.0,-313000000.0,-0.44999998807907104,3927.0,836.0,0.0,56.68000030517578,0.0,202012,0.94,1.26,22.23,130.6199951171875,-0.029999999329447746,139.0,256.5,295.5,342.0,320.5,1033.0
60,DB하이텍,72400.0,4161348.0,221992.0,10575705,32.02000045776367,239335000000.0,25.56999969482422,351461.0,32145.0,0.47999998927116394,48.33000183105469,36.790000915527344,202012,3.29,3.0,8.87,15.119999885559082,23.06999969482422,326.0,318.0,210.0,179.5,253.5,1033.5
404,삼화전기,32650.0,48447.0,6613.0,816102,14.3100004196167,5839000000.0,2.930000066757202,11058.0,2159.0,0.30000001192092896,102.43000030517578,12.670000076293945,202012,3.78,0.93,18.87,17.459999084472656,9.029999732971191,331.0,217.0,286.0,204.0,266.0,1038.0
1029,화승엔터프라이,18550.0,364986.0,30285.0,2325851,-26.899999618530273,62460000000.0,5.599999904632568,120139.0,11236.0,0.23999999463558197,114.88999938964844,4.840000152587891,202012,2.07,1.02,10.09,53.45000076293945,9.260000228881836,271.0,229.0,226.0,312.0,270.5,1038.0
343,미래아이앤지,519.0,642721.0,12948.0,49728,400.0899963378906,687000000.0,11.90999984741211,1014.0,672.0,0.0,3.190000057220459,48.31999969482422,202012,0.74,8.8,57.67,28.829999923706055,24.75,97.5,340.0,339.0,265.0,320.5,1041.5
1325,대덕전자,21750.0,1636923.0,24708.0,1805664,0.0,2681000000.0,0.4300000071525574,59493.0,10748.0,1.3700000047683716,26.8700008392334,6.579999923706055,202012,1.68,1.19,15.23,34.68000030517578,0.0,246.5,248.0,271.0,278.0,146.0,1043.5
648,한국항공우주,30650.0,405635.0,487375.0,7170239,-49.369998931884766,139524000000.0,4.940000057220459,273868.0,29876.0,0.6499999761581421,317.9800109863281,6.460000038146973,202012,2.4,1.15,6.68,151.72999572753906,6.389999866485596,287.5,246.0,166.0,344.0,226.5,1043.5
1166,SK케미칼,145500.0,139740.0,88103.0,3691872,157.75999450683594,106282000000.0,8.75,204439.0,25638.0,0.9100000262260437,121.08000183105469,4.360000133514404,202012,1.44,1.93,15.14,27.610000610351562,30.479999542236328,217.5,296.0,270.0,260.0,195.5,1043.5
212,삼영화학,2940.0,193841.0,17000.0,222000,0.0,1317000000.0,1.1200000047683716,8227.0,1000.0,0.0,138.22000122070312,2.700000047683716,202012,2.22,0.81,9.25,267.2699890136719,0.49000000953674316,281.0,193.5,216.5,353.0,320.5,1044.0
472,모나리자,3950.0,45638.0,18885.0,283220,236.5800018310547,9334000000.0,7.96999979019165,13892.0,1445.0,1.8899999856948853,28.229999542236328,44.34000015258789,202012,1.96,1.34,13.08,31.850000381469727,11.619999885559082,262.5,265.0,253.0,269.0,103.0,1049.5
949,해성디에스,51800.0,345866.0,85000.0,2861950,61.029998779296875,43519000000.0,9.489999771118164,71257.0,8806.0,0.8600000143051147,65.29000091552734,27.600000381469727,202012,3.25,1.51,11.53,17.899999618530273,13.619999885559082,324.0,280.0,240.0,208.0,204.0,1052.0
493,동원시스템즈,58000.0,541536.0,145942.0,5027913,29.899999618530273,97672000000.0,9.0600004196167,153921.0,16929.0,1.0299999713897705,103.70999908447266,9.680000305175781,202012,2.97,1.29,9.95,27.559999465942383,10.970000267028809,314.0,259.0,223.0,259.0,183.0,1055.0
655,LG화학,758000.0,232115.0,352961.0,148755020,117.8499984741211,1798159000000.0,5.980000019073486,4109118.0,535090.0,1.309999942779541,120.2699966430664,9.029999732971191,202012,2.78,1.46,12.72,19.75,2.930000066757202,309.5,277.5,249.0,223.0,151.5,1059.0
187,쌍용C&E,7780.0,414362.0,50385.0,9133600,9.140000343322754,250161000000.0,17.010000228881836,425259.0,39200.0,5.650000095367432,96.88999938964844,8.329999923706055,202012,2.33,2.57,9.13,25.09000015258789,7.920000076293945,286.0,311.0,214.0,253.0,4.0,1064.0
19,유유제약,6890.0,111468.0,17609.0,142440,-22.34000015258789,6270000000.0,6.389999866485596,10170.0,1187.0,1.5700000524520874,32.349998474121094,3.569999933242798,202012,1.2,1.44,13.89,492.1400146484375,1.2599999904632568,184.5,274.0,264.0,355.0,128.0,1077.5
670,현대로템,21150.0,515872.0,545711.0,3831943,0.0,82061000000.0,2.950000047683716,126261.0,23084.0,0.0,211.80999755859375,2.2699999809265137,202012,1.66,0.82,27.54,69.11000061035156,2.8399999141693115,244.0,197.0,318.0,321.0,320.5,1080.0
215,보령제약,13850.0,136077.0,34345.0,2368986,2.359999895095825,39986000000.0,7.119999885559082,67552.0,9514.0,0.5400000214576721,90.43000030517578,11.960000038146973,202012,2.49,1.5,11.6,30.43000030517578,8.609999656677246,295.0,279.0,242.0,267.0,244.5,1083.0
1331,코람코에너지리,6840.0,115120.0,34810.0,633346,-0.7599999904632568,18935000000.0,78.1500015258789,21253.0,4762.0,2.4200000762939453,198.5399932861328,1.9500000476837158,202105,1.33,11.5,23.92,21.299999237060547,2.630000114440918,204.0,347.0,307.0,233.0,81.0,1091.0
476,일성건설,5590.0,2323170.0,27012.0,918079,38.900001525878906,10280000000.0,3.0199999809265137,14291.0,3020.0,0.25999999046325684,230.57000732421875,1.8799999952316284,202012,3.04,0.82,15.36,50.810001373291016,3.1600000858306885,316.0,197.0,272.0,307.0,268.5,1092.0
642,주연테크,1290.0,1726207.0,10922.0,113344,0.0,503000000.0,0.800000011920929,1283.0,704.0,0.0,52.90999984741211,18.850000381469727,202012,1.61,1.11,215.0,25.799999237060547,-5.860000133514404,238.0,242.0,358.0,254.0,320.5,1092.0
482,지누스,86500.0,487509.0,7900.0,4195768,-16.510000228881836,86722000000.0,8.760000228881836,111342.0,13667.0,0.8399999737739563,116.4000015258789,8.359999656677246,202012,3.07,1.24,12.62,36.130001068115234,11.609999656677246,318.0,253.0,247.0,281.0,208.0,1099.0
119,삼화콘덴서,59200.0,111574.0,10395.0,1883124,-27.309999465942383,27097000000.0,11.170000076293945,42631.0,6154.0,0.5,34.400001525878906,64.80000305175781,202012,3.06,2.34,13.15,20.170000076293945,14.279999732971191,317.0,304.0,256.0,226.0,250.0,1103.0
679,대호에이엘,3610.0,126367.0,24922.0,374192,0.0,2592000000.0,2.130000114440918,5403.0,1799.0,0.0,269.0199890136719,0.8899999856948853,202012,2.08,0.97,13.57,190.0,2.430000066757202,272.0,224.5,261.0,349.0,320.5,1106.5
1041,솔루엠,25000.0,371004.0,25002.0,5600448,9.970000267028809,56431000000.0,5.239999771118164,82430.0,12501.0,0.0,289.4100036621094,8.510000228881836,202012,4.48,1.09,10.96,47.34000015258789,43.2599983215332,335.0,240.0,235.0,302.0,320.5,1112.0
577,디피씨,15100.0,779274.0,20839.0,1894193,82.30999755859375,30726000000.0,17.639999389648438,34131.0,6293.0,0.5899999737739563,38.2400016784668,42.18000030517578,202012,3.01,2.42,25.21,15.220000267028809,11.760000228881836,315.0,306.0,311.0,182.0,234.5,1114.0
851,코오롱플라스틱,13600.0,535706.0,38000.0,1266160,-62.59000015258789,3855000000.0,1.309999942779541,18062.0,5168.0,0.5099999904632568,60.36000061035156,1.7599999904632568,202012,2.45,1.44,23.29,26.610000610351562,1.5099999904632568,292.0,274.0,303.0,257.0,248.5,1126.0
1244,현대오토에버,115000.0,149191.0,13711.0,6654517,8.229999542236328,86813000000.0,5.559999942779541,144360.0,31538.0,0.6499999761581421,91.51000213623047,21.950000762939453,202012,2.11,1.52,17.99,41.47999954223633,11.079999923706055,274.0,282.0,283.0,289.0,226.5,1128.0
475,세우글로벌,1980.0,459994.0,14352.0,72704,68.30000305175781,1818000000.0,6.619999885559082,1922.0,568.0,0.0,9.569999694824219,165319.640625,202012,1.28,1.7,29.12,73.33000183105469,7.480000019073486,194.5,288.0,322.0,324.0,320.5,1128.5
652,진양화학,4585.0,109678.0,6000.0,103950,0.0,196000000.0,0.44999998807907104,898.0,550.0,0.0,38.59000015258789,55.2400016784668,202012,1.89,1.3,42.45,36.68000030517578,3.049999952316284,258.5,260.5,332.0,282.0,320.5,1133.0
320,녹십자,230500.0,67812.0,58432.0,6464880,20.559999465942383,50252000000.0,3.3399999141693115,99043.0,26937.0,0.6499999761581421,69.4800033569336,4.840000152587891,202012,2.4,1.79,21.23,28.809999465942383,7.480000019073486,287.5,291.0,292.0,264.0,226.5,1134.5
314,삼아알미늄,30500.0,2000309.0,5500.0,946110,14.59000015258789,7380000000.0,3.75,16309.0,3355.0,0.3199999928474426,88.0,4.050000190734863,202012,2.82,1.42,19.18,32.93000030517578,3.200000047683716,312.0,271.0,290.0,270.0,263.5,1143.0
1320,제이알글로벌리,5410.0,536389.0,165600.0,1021325,0.0,23403000000.0,43.06999969482422,34983.0,8959.0,3.509999990463257,123.43000030517578,4.550000190734863,202106,1.14,17.17,25.05,51.029998779296875,2.2100000381469727,175.0,352.0,310.0,308.0,34.0,1145.0
390,대양금속,5040.0,220182.0,15777.0,394320,-67.19999694824219,1063000000.0,0.7599999904632568,4237.0,1590.0,0.0,53.439998626708984,1.340000033378601,202012,2.48,1.26,33.16,34.279998779296875,-0.9100000262260437,294.0,256.5,325.0,274.0,320.5,1149.5
834,한전산업,13750.0,1482029.0,16300.0,2308745,-9.529999732971191,19034000000.0,5.78000020980835,25222.0,4483.0,1.5099999904632568,96.66000366210938,25.049999237060547,202012,5.15,1.44,11.36,46.45000076293945,16.200000762939453,339.0,274.0,239.0,299.0,138.0,1151.0
452,한신기계,4210.0,3904085.0,16223.0,224023,78.61000061035156,3875000000.0,7.5,4546.0,1366.0,0.8299999833106995,15.630000114440918,75.2300033569336,202012,1.64,2.6,25.99,37.91999816894531,4.239999771118164,242.5,312.0,313.0,284.0,209.5,1151.5
1332,미래에셋맵스리,5090.0,61721.0,20100.0,112530,-17.860000610351562,3670000000.0,63.439998626708984,5355.0,1023.0,3.0,208.5,1.4800000190734863,202105,1.1,17.67,19.14,159.05999755859375,1.2300000190734863,168.0,354.0,289.0,346.0,56.0,1157.0
653,LG생활건강,1172000.0,42741.0,78090.0,75048449,3.7799999713897705,1220864000000.0,15.5600004196167,1483086.0,183045.0,0.9300000071525574,40.2599983215332,97.61000061035156,202012,4.1,2.53,14.58,24.600000381469727,17.920000076293945,333.0,310.0,267.0,249.0,190.5,1159.0
252,써니전자,3310.0,478889.0,18372.0,196010,-71.55999755859375,1200000000.0,7.309999942779541,1813.0,1153.0,0.0,2.5,14.8100004196167,202012,1.7,7.37,41.9,23.139999389648438,9.920000076293945,248.0,336.0,331.0,244.0,320.5,1159.0
1284,롯데리츠,5680.0,189248.0,121484.0,1476707,21.459999084472656,29032000000.0,59.689998626708984,46011.0,13801.0,2.440000057220459,104.61000061035156,2.390000104904175,202106,1.07,24.8,27.18,71.0,1.6799999475479126,164.5,357.0,315.0,323.0,80.0,1159.5
608,유나이티드제약,49200.0,63453.0,8122.0,2141856,16.3799991607666,40125000000.0,18.56999969482422,48622.0,7992.0,0.7099999785423279,27.639999389648438,69.72000122070312,202012,2.68,3.61,16.86,27.329999923706055,10.010000228881836,305.0,321.0,277.0,258.0,221.0,1161.0
496,성문전자,2700.0,387011.0,9743.0,100466,0.0,-634000000.0,-1.6799999475479126,1464.0,526.0,0.0,52.11000061035156,0.0,202012,1.91,1.24,31.76,84.37000274658203,-3.630000114440918,260.0,253.0,323.0,331.0,320.5,1167.0
751,이아이디,318.0,11479112.0,167116.0,374637,0.0,-1736000000.0,-1.0499999523162842,3218.0,2657.0,0.0,53.41999816894531,0.0,202012,1.41,1.3,106.0,159.0,-15.350000381469727,215.0,260.5,351.0,345.0,320.5,1171.5
351,일양약품,29950.0,47751.0,47714.0,1520456,4.880000114440918,34100000000.0,9.930000305175781,46764.0,5716.0,0.4000000059604645,79.29000091552734,11.300000190734863,202012,2.66,1.66,16.5,50.59000015258789,5.380000114440918,303.5,287.0,276.0,306.0,257.0,1172.5
725,이리츠코크렙,6050.0,75829.0,31670.0,597792,0.6299999952316284,16271000000.0,76.66000366210938,20551.0,3832.0,2.950000047683716,178.30999755859375,1.7999999523162842,202106,1.56,18.01,18.97,48.0099983215332,2.8399999141693115,235.0,355.0,287.0,304.0,60.0,1181.0
802,씨에스윈드,61600.0,164357.0,21085.0,7117972,62.2599983215332,97574000000.0,10.069999694824219,126922.0,25978.0,0.7699999809265137,98.55999755859375,11.369999885559082,202012,2.74,2.23,17.96,43.709999084472656,8.1899995803833,308.0,301.0,282.0,294.0,217.0,1185.0
103,금양,5040.0,291473.0,24403.0,597780,-34.790000915527344,6006000000.0,3.4100000858306885,10137.0,2460.0,0.0,175.52000427246094,1.0499999523162842,202012,2.43,1.22,22.5,240.0,-5.360000133514404,290.0,250.5,297.0,351.0,320.5,1188.5
928,PI첨단소재,48300.0,439405.0,14683.0,6496272,78.58999633789062,60009000000.0,22.920000076293945,81545.0,14184.0,1.4700000286102295,42.81999969482422,44.75,202012,4.58,4.7,17.86,24.239999771118164,15.619999885559082,336.0,328.0,279.0,247.0,139.5,1190.0
8,유한양행,59800.0,115877.0,69972.0,9373056,572.1199951171875,84255000000.0,5.199999809265137,144039.0,41844.0,0.6299999952316284,29.6200008392334,31.06999969482422,202012,2.24,2.47,26.02,43.36000061035156,11.0600004196167,282.5,309.0,314.0,291.0,230.0,1196.5
1048,넷마블,126500.0,557279.0,8595.0,20550159,34.2400016784668,272046000000.0,10.949999809265137,383767.0,108731.0,0.6000000238418579,45.529998779296875,11.760000228881836,202012,1.89,4.57,27.29,46.779998779296875,6.349999904632568,258.5,326.0,316.0,301.0,233.0,1201.5
490,한솔케미칼,316500.0,63651.0,56675.0,19193659,36.689998626708984,151933000000.0,24.530000686645508,190049.0,35876.0,0.5600000023841858,60.56999969482422,25.399999618530273,202012,5.35,4.98,19.26,24.690000534057617,24.5,342.0,329.0,291.0,250.0,239.5,1212.0
641,한미반도체,35800.0,812786.0,12716.0,9951334,385.5899963378906,66649000000.0,25.889999389648438,72782.0,17707.0,1.1100000143051147,27.18000030517578,985.52001953125,202012,5.62,5.16,24.9,21.280000686645508,21.030000686645508,344.0,331.0,309.0,232.0,177.0,1216.0
736,아모레퍼시픽,178000.0,139439.0,29246.0,27695122,-66.55999755859375,143009000000.0,3.2300000190734863,601534.0,104117.0,0.4399999976158142,27.719999313354492,8.399999618530273,202012,2.66,2.63,19.08,82.58999633789062,0.7799999713897705,303.5,313.0,288.0,328.0,256.0,1232.5
710,일진다이아,34950.0,53618.0,14202.0,1345244,-34.209999084472656,9095000000.0,5.389999866485596,17036.0,4964.0,0.8500000238418579,31.3700008392334,89.76000213623047,202012,2.71,2.67,21.48,67.47000122070312,2.880000114440918,307.0,314.0,293.0,320.0,206.5,1234.0
630,엔씨소프트,750000.0,287805.0,10977.0,86443875,72.19000244140625,824793000000.0,34.13999938964844,890597.0,164655.0,1.1399999856948853,29.780000686645508,91.86000061035156,202012,5.25,7.49,18.21,40.25,20.829999923706055,341.0,337.0,284.0,287.0,173.0,1249.0
449,갤럭시아에스엠,3240.0,2021719.0,13774.0,281295,0.0,1375000000.0,7.039999961853027,3010.0,893.0,0.0,37.81999969482422,18.600000381469727,202012,3.15,3.76,27.46,43.20000076293945,4.630000114440918,321.0,322.0,317.0,290.0,320.5,1250.0
579,동서,36200.0,343605.0,49850.0,9275387,8.470000267028809,45114000000.0,9.149999618530273,51032.0,36091.0,1.9299999475479126,9.1899995803833,1128.52001953125,202012,2.57,6.83,154.7,33.88999938964844,8.609999656677246,296.5,335.0,356.0,273.0,100.0,1260.5
1354,ESR켄달스퀘어,6530.0,194085.0,143259.0,1262925,0.0,8103000000.0,34.18000030517578,14010.0,9355.0,2.049999952316284,67.11000061035156,1.3300000429153442,202105,1.35,29.15,65.96,725.5499877929688,1.1299999952316284,207.0,358.0,343.0,357.0,96.0,1265.0
468,더존비즈온,78900.0,83239.0,15191.0,14622919,14.869999885559082,76728000000.0,25.040000915527344,103082.0,23972.0,0.5699999928474426,100.76000213623047,10.539999961853027,202012,6.1,7.8,22.9,38.45000076293945,15.09000015258789,345.0,338.0,299.0,285.0,237.0,1267.0
254,덕성,17000.0,512493.0,7840.0,935766,1083.219970703125,5564000000.0,4.730000019073486,9421.0,2666.0,0.25999999046325684,58.58000183105469,7.460000038146973,202012,3.51,2.43,28.76,53.290000915527344,5.610000133514404,328.0,307.0,321.0,311.0,268.5,1267.0
153,보락,2005.0,178372.0,11980.0,318265,-77.1500015258789,144000000.0,0.3799999952316284,2184.0,1201.0,0.1899999976158142,22.969999313354492,1.590000033378601,202012,2.65,3.13,42.66,74.25,0.8999999761581421,302.0,319.0,333.0,325.0,273.5,1279.0
327,삼성SDI,757000.0,187552.0,348472.0,192081843,45.2599983215332,671335000000.0,5.940000057220459,1754823.0,520547.0,0.12999999523162842,61.20000076293945,9.739999771118164,202012,3.69,4.1,32.14,47.470001220703125,4.539999961853027,330.0,324.0,324.0,303.0,277.0,1281.0
546,키다리스튜디오,17550.0,529613.0,16648.0,1525284,552.4600219726562,4586000000.0,10.079999923706055,6195.0,5844.0,0.0,77.08999633789062,1.8700000047683716,202012,2.61,5.0,41.89,75.63999938964844,0.2199999988079071,300.0,330.0,330.0,326.0,320.5,1286.0
456,SKC,188000.0,927111.0,189341.0,27124152,36.52000045776367,190788000000.0,7.059999942779541,386637.0,71192.0,0.5299999713897705,182.3000030517578,2.180000066757202,202012,3.81,2.28,23.89,163.47000122070312,2.2100000381469727,332.0,302.0,306.0,347.0,246.0,1287.0
1073,크래프톤,542000.0,366848.0,4895.0,393505152,115.38999938964844,773870000000.0,46.33000183105469,818023.0,265344.0,0.0,41.599998474121094,136.57000732421875,202012,14.83,13.85,23.16,46.650001525878906,61.86000061035156,360.0,350.0,301.0,300.0,320.5,1311.0
269,코스모신소재,48700.0,1389873.0,30086.0,10461528,0.0,12437000000.0,6.090000152587891,23452.0,14652.0,0.0,104.93000030517578,5.730000019073486,202012,7.14,4.63,52.03,63.4900016784668,7.159999847412109,349.0,327.0,337.0,316.0,320.5,1329.0
342,일신석재,2460.0,691804.0,38728.0,687705,-6.400000095367432,1641000000.0,2.7899999618530273,2773.0,1905.0,0.0,80.08999633789062,4.170000076293945,202012,3.61,2.81,60.0,246.0,1.2200000286102295,329.0,316.5,341.0,352.0,320.5,1338.5
626,카카오,127000.0,1512294.0,44619.0,363395754,120.44999694824219,455855000000.0,10.970000267028809,722314.0,566037.0,0.019999999552965164,60.939998626708984,24.059999465942383,202012,6.42,10.09,96.07,50.04999923706055,2.700000047683716,347.0,342.0,350.0,305.0,280.0,1344.0
675,셀트리온,223000.0,646676.0,137947.0,247943332,88.36000061035156,712106000000.0,38.5099983215332,891456.0,307622.0,0.0,46.09000015258789,94.91000366210938,202012,8.06,17.18,33.58,55.650001525878906,16.68000030517578,353.0,353.0,326.0,313.0,320.5,1345.0
779,이연제약,41500.0,177014.0,8999.0,2405018,-75.0199966430664,1654000000.0,1.2699999809265137,6218.0,7469.0,0.4699999988079071,38.040000915527344,9.279999732971191,202012,3.22,5.5,123.51,114.63999938964844,1.7100000381469727,323.0,332.0,353.0,337.0,255.0,1345.0
209,포스코케미칼,147000.0,242769.0,38731.0,54202596,-32.93000030517578,60269000000.0,3.8499999046325684,124672.0,113871.0,0.18000000715255737,103.98999786376953,8.6899995803833,202012,4.76,5.73,72.38,83.47000122070312,2.9600000381469727,337.0,333.0,345.0,330.0,275.0,1345.0
400,한올바이오파마,19950.0,179179.0,26120.0,6628392,-65.2699966430664,5935000000.0,6.699999809265137,8829.0,10422.0,0.0,21.440000534057617,370.739990234375,202012,6.36,10.58,73.62,64.55999755859375,12.289999961853027,346.0,346.0,346.0,318.0,320.5,1356.0
632,YG PLUS,9160.0,3142551.0,32339.0,2771369,-58.150001525878906,1384000000.0,1.2899999618530273,6520.0,5810.0,0.0,44.959999084472656,2.25,202012,4.77,3.91,234.87,120.5199966430664,-6.940000057220459,338.0,323.0,359.0,338.0,320.5,1358.0
382,한미사이언스,55000.0,51638.0,33652.0,20359900,55.790000915527344,25151000000.0,2.930000066757202,31359.0,37018.0,0.3499999940395355,40.150001525878906,14.829999923706055,202012,5.5,4.18,110.22,121.13999938964844,3.4700000286102295,343.0,325.0,352.0,339.0,260.0,1359.0
329,인스코비,3470.0,2664606.0,54924.0,2790384,0.0,-1005000000.0,-1.7400000095367432,748.0,3812.0,0.0,91.23999786376953,0.0,202012,7.32,5.75,192.78,77.11000061035156,8.319999694824219,350.0,334.0,357.0,327.0,320.5,1368.0
499,이스타코,3380.0,796035.0,21425.0,421368,-91.22000122070312,345000000.0,5.860000133514404,901.0,1448.0,0.0,44.779998779296875,0.4300000071525574,202012,2.91,21.39,130.0,187.77000427246094,-0.11999999731779099,313.0,356.0,354.0,348.0,320.5,1371.0
657,한전기술,99600.0,2942309.0,7644.0,29349657,-32.900001525878906,29571000000.0,6.849999904632568,53954.0,38067.0,0.2800000011920929,40.31999969482422,568.3699951171875,202012,7.71,9.47,38.53,374.42999267578125,4.070000171661377,352.0,341.0,329.0,354.0,267.0,1376.0
753,후성,23800.0,4356638.0,46303.0,21621240,-79.11000061035156,2806000000.0,1.0700000524520874,38014.0,22040.0,0.05999999865889549,122.29000091552734,0.5,202012,9.81,7.93,48.08,220.3699951171875,2.7899999618530273,356.0,339.0,336.0,350.0,279.0,1381.0
547,일진머티리얼즈,130500.0,587106.0,23055.0,57346775,8.579999923706055,50869000000.0,9.470000267028809,85110.0,60175.0,0.15000000596046448,26.639999389648438,20.31999969482422,202012,9.53,10.49,65.02,126.44999694824219,7.230000019073486,355.0,345.0,342.0,340.0,276.0,1382.0
291,파미셀,12250.0,376462.0,29979.0,8329230,268.3800048828125,7233000000.0,19.15999984741211,9002.0,7345.0,0.0,22.1299991607666,85.20999908447266,202012,11.34,15.27,75.15,88.12000274658203,9.649999618530273,357.0,351.0,347.0,333.0,320.5,1388.0
1324,하이브,400500.0,329932.0,19525.0,116830053,47.369998931884766,145515000000.0,18.270000457763672,180462.0,156399.0,0.0,60.5099983215332,37.439998626708984,202012,7.47,13.31,83.19,129.86000061035156,12.520000457763672,351.0,348.0,348.0,341.0,320.5,1388.0
1300,두산퓨얼셀,52100.0,594826.0,6549.0,28355382,33.59000015258789,26033000000.0,5.639999866485596,33351.0,34122.0,0.0,54.16999816894531,5.25,202012,8.31,10.29,71.86,1042.0,4.179999828338623,354.0,343.0,344.0,359.0,320.5,1400.0
538,신풍제약,45900.0,767662.0,26492.0,16805120,40.040000915527344,7845000000.0,3.9700000286102295,20054.0,24320.0,0.20999999344348907,30.139999389648438,2.6600000858306885,202012,6.91,13.43,93.87,765.0,1.7200000286102295,348.0,349.0,349.0,358.0,272.0,1404.0
1225,SK바이오사이언,244000.0,408854.0,38250.0,232578360,65.41999816894531,37710000000.0,16.709999084472656,54237.0,186660.0,0.0,113.13999938964844,9.09000015258789,202012,12.46,31.18,257.38,93.87999725341797,13.25,359.0,359.0,360.0,334.0,320.5,1412.0
965,삼성바이오로직,892000.0,111679.0,165412.0,708820592,219.13999938964844,292786000000.0,25.139999389648438,436474.0,590192.0,0.0,39.689998626708984,18.200000762939453,202012,12.01,39.37,131.06,143.77000427246094,5.380000114440918,358.0,360.0,355.0,343.0,320.5,1416.0
