,Code,자산총계,부채총계,자본총계,자본금,매출액,매출총이익,영업이익,당기순이익,영업현금흐름,투자현금흐름,재무현금흐름,FCF,EBITDA,EBIT,EV,매출총이익률,영업이익률,ROE,ROA,ROIC,부채비율,자기자본비율,이자보상배율,EPS,BPS,CPS,SPS,DPS,현금배당성향,현금배당수익률,PER,PBR,PCR,PSR,P/FCF,PEG,EV/EBITDA,EV/EBIT,EV/Sales,eDate,Name,Market,Close_x,Open,High,Low,Volume,Amount,Marcap,Stocks,Yield,MDD,Close_x,Date_x,Close_y,Date_y,Ratio,PBRc,PCRc,PERc,PSRc,PEGc,P/FCFc,EVc,EV/EBITDAc,Close_y,1y_rets,MOM_rank,PBR_rank,PSR_rank,PCR_rank,PER_rank,PEG_rank,DIV_rank,EV_rank,rank_tot
5,000080,3297783698.84,2223505552.75,1074278146.09,368842230.0,2256322945.85,975017836.0,198478557.06,86628492.35,382792589.96,-141056820.75,-116556042.98,231550966.16,358407690.92,166784773.74,3070582834.06,43.213,8.797,8.232,2.638,6.5552,206.977,32.576,4.28627,1216.46049,15387.69875,5371.13704,31659.4941,750.0,60.43427,2.354788,26.18252,2.06984,5.92984,1.00602,9.80303,0.29161000000000004,8.56729,18.41045,1.36088,2021-04-30,하이트진로,KOSPI,34850,35100,35150,34500,286774,9964332600,2444156343350,70133611,1.056060606060606,-0.3268817204301071,29000,2019-12-30,33000,2020-05-04,1.1379310344827587,2.355335172413793,6.747748965517242,29.79390206896552,1.1447813793103447,0.3318320689655173,11.155172068965518,3494111500.8268967,9.748985172413793,32450.0,1.5985221674876824,7.0,77.0,66.0,37.0,68.0,24.0,17.0,18.0,296.0
6,000100,2393522100.93,547019907.07,1846502193.85,68037750.0,1619865302.68,558422517.54,84255098.21,190401937.32,28830248.88,57594896.79,11687628.91,-22622696.44,144039791.18,235804496.13,5015233057.35,34.473,5.201,11.058,8.442,7.7411,29.625,77.146,31.06668,2709.07398,28119.42826,405.181574,22765.657584,382.18655,12.93864,0.508904,27.721645,2.67075,185.348996,3.298831,-236.207822,1.386051,34.81839,21.26861,3.09608,2021-04-30,유한양행,KOSPI,64300,64600,66000,64300,189676,12286160700,4499261263700,69972959,1.3872707659115404,-0.25883838383838387,236500,2019-12-30,46350,2020-05-04,0.1959830866807611,0.5234218287526426,36.32526834926004,5.432973554968287,0.6465150818181817,0.2716425532769556,-46.292738053699786,982900855.0028436,6.823815545454545,47150.0,0.19012096774193565,96.0,2.0,36.0,82.0,3.0,22.0,57.0,40.0,298.0
11,000210,13901859840.26,10690535919.84,3211323920.41,218500000.0,1566148811.68,314349585.79,119049765.68,572657162.96,1366185205.57,-1475144249.82,368863111.47,935938158.34,308944765.68,99557467.37,4298030540.69,20.072,7.601,11.84,4.188,,332.901,23.1,1.76755,13082.2835,67177.76657,35393.39911,40573.80341,1300.0,9.974730000000001,1.566265,6.34446,1.23553,2.34507,2.04565,3.42309,6.50897,13.91197,43.17135,2.74433,2021-04-30,DL,KOSPI,94600,98300,99200,94500,280864,26986910800,1460743385200,15441262,1.1438935912938335,-0.37371663244353226,90500,2019-12-30,82700,2020-05-04,0.9138121546961326,1.1290423314917128,2.14295346961326,5.7976446629834255,1.8693398342541439,5.947975900552486,3.128061248618785,3927592549.3377123,12.712927281767957,88100.0,0.910123966942147,43.0,36.0,75.0,1.0,4.0,84.0,31.0,14.0,274.0
15,000270,60490443000.0,30598771000.0,29891672000.0,2139317000.0,59168096000.0,9945532000.0,2066457000.0,1487585000.0,5423896000.0,-2864853000.0,3517283000.0,3761998000.0,4285979000.0,1905749000.0,21006260852.8,16.809,3.493,5.054,2.568,9.5391,102.366,49.416,8.81128,3669.75705,74555.60281,13380.3316,145963.11294,1000.0,26.9518,1.602564,17.00385,0.83696,4.66356,0.42751000000000006,6.72373,1.10427,4.90116,11.02257,0.35503,2021-04-30,기아,KOSPI,77000,78900,79000,77000,3165897,245612841900,31212977719000,405363347,2.68292682926829,-0.26108374384236444,44300,2019-12-30,28700,2020-05-04,0.6478555304740407,0.542229164785553,3.021313137697517,11.016038261851016,0.2769647178329572,0.715407426636569,4.356005665914221,13609022268.066816,3.175243611738149,29650.0,0.6603563474387515,86.0,3.0,15.0,10.0,34.0,43.0,29.0,7.0,220.0
19,000390,594292974.0,301977867.0,292315107.0,13407369.0,551718833.0,105802289.0,15020454.0,6482791.0,33500445.0,-33915665.0,9049065.0,18314799.0,31108462.0,13377619.0,452099430.1,19.177,2.722,2.29,1.123,2.9234,103.306,49.187,2.99325,247.66226,12627.81965,1266.49498,20857.90599,150.0,52.81203,1.06383,56.93237,1.11658,11.13309,0.676,20.36405,1.17092,14.533,33.79521,0.8194400000000001,2021-04-30,삼화페인트,KOSPI,13150,13050,13450,12600,276977,3622275400,356887620450,27139743,2.609126984126989,-0.41091954022988475,5140,2019-12-30,5040,2020-05-04,0.980544747081712,1.0948566536964979,10.916492918287936,55.82473634241245,0.6628482490272374,1.1481394552529183,19.967862256809337,443303721.34319067,14.25025680933852,5050.0,0.8211382113821123,56.0,33.0,37.0,57.0,79.0,54.0,41.0,53.0,357.0
25,000520,191660926.98,128109718.23,63551208.75,6694896.0,122998992.15,49032228.67,6538397.86,1340563.62,7774731.59,-4588929.68,-3323060.31,-9244780.06,10737797.86,6543216.28,215120216.98,39.864,5.316,2.1310000000000002,0.714,4.7747,201.585,33.158,1.18763,102.14931,5077.90166,592.42505,9372.372925,75.0,70.01861,0.728155,100.83279,2.0284,17.38617,1.09897,-14.62152,2.34656,20.03392,32.87683,1.74896,2021-04-30,삼일제약,KOSPI,9700,10200,10650,9680,868363,8736777170,130085361400,13410862,0.5359116022099444,-0.6240310077519384,21050,2019-12-30,18100,2020-05-04,0.8598574821852731,1.744134916864608,14.94962836104513,86.7018289311164,0.9449575771971496,2.0177071733966745,-12.572423372921616,184972728.13957244,17.226316009501186,17850.0,0.5166425470332844,92.0,63.0,61.0,64.0,87.0,72.0,51.0,72.0,490.0
41,000910,354433760.16,178419689.28,176014070.88,7805809.5,189192653.01,33123935.59,7813211.28,15437191.49,15846024.76,-12329301.14,7485909.3,-1476579.24,12931513.34,24360135.22,175431859.68,17.508,4.13,12.932,4.543,4.941,101.367,49.661,2.86974,928.78654,8009.28242,1015.01483,12118.70806,125.0,13.45842,2.10084,6.40621,0.74289,5.86198,0.49098,-62.90833,0.15191000000000002,13.566230000000001,7.2016,0.9272600000000001,2021-04-30,유니온,KOSPI,8500,8670,8820,8500,530514,4590011910,132698761500,15611619,2.1794871794871833,-0.4437810945273627,4005,2019-12-30,3900,2020-05-04,0.9737827715355806,0.7234134831460675,5.7082951310861425,6.238256928838951,0.47810786516853937,0.14792734082397005,-61.25904794007491,170832522.53483146,13.21056104868914,3000.0,0.7117437722419921,77.0,15.0,30.0,30.0,8.0,10.0,22.0,75.0,192.0
44,000990,1178581197.18,383996684.6,794584512.58,222555835.0,935919766.48,358884822.82,239335181.31,166025591.08,309982629.77,-265310217.82,-75974561.56,152238258.24,351461181.31,214139337.13,2237296106.53,38.346,25.572,23.071,14.644,24.0114,48.327,67.419,36.79333,3729.97614,18293.61564,6964.15418,21026.62836,350.0,9.15967,0.686275,13.67301,2.7878600000000002,7.32322,2.4255,14.91129,0.9334800000000001,6.3657,10.44785,2.39048,2021-04-30,DB하이텍,KOSPI,55300,57400,57800,54100,864831,48017698000,2455241916400,44398588,2.1728880157170933,-0.2973352033660589,27600,2019-12-30,25450,2020-05-04,0.9221014492753623,2.5706897463768117,6.752751775362319,12.60790233695652,2.2365570652173914,0.8607632608695653,13.749722119565217,2063013982.2894385,5.869821195652174,26750.0,1.6310975609756098,5.0,79.0,77.0,38.0,37.0,46.0,52.0,26.0,334.0
59,001290,513283837.01,339958014.92,173325822.09,97411913.0,36449100.46,26729402.82,2885083.87,2499591.75,29403118.22,617139.68,-30136977.48,,6042614.62,2903632.42,212067522.22,73.334,7.915,1.54,0.509,,196.138,33.768,,26.06736,1838.38635,305.93691,379.24975,0.0,0.0,0.0,40.66388,0.57659,3.46477,2.7949900000000003,,1.24465,35.09532,73.03525,5.81818,2021-04-30,상상인증권,KOSPI,1315,1350,1385,1315,626050,839340720,127416217530,96894462,1.0958333333333328,-0.2480620155038754,1330,2019-12-30,1200,2020-05-04,0.9022556390977443,0.5202315789473685,3.1261082706766916,36.68921503759398,2.521795488721805,1.1229924812030074,,191339117.79248118,31.66495037593985,1160.0,0.4603174603174601,93.0,1.0,78.0,12.0,71.0,53.0,82.0,70.0,390.0
78,001630,1258451806.0,418150785.22,840301020.77,12524652.5,858118780.74,413895539.17,89262180.33,113621663.1,66553214.34,-120421539.85,52319730.37,-48368984.1,119608451.33,146214008.46,751395340.72,48.233,10.402,15.593,9.739,13.423,49.762,66.773,25.64941,15704.15333,108137.90249,13284.44329,171285.94601,1400.0,8.88871,1.098039,8.11887,1.17905,9.59769,0.7443700000000001,-13.20593,0.45363000000000003,6.28212,5.13901,0.87563,2021-04-30,종근당홀딩스,KOSPI,108000,109500,116500,108000,153891,17226673500,541064988000,5009861,0.9773755656108601,-0.3007194244604313,101000,2019-12-30,110500,2020-05-04,1.0940594059405941,1.2899507425742573,10.500443019801981,8.88252608910891,0.8143850000000001,0.49629816831683177,-14.448071930693072,822071140.0946536,6.873012475247525,114000.0,1.4824447334200257,10.0,47.0,54.0,55.0,21.0,33.0,40.0,41.0,260.0
79,001680,2528335046.89,1426785228.48,1101549818.41,36018248.0,3113203668.12,847089311.77,174391508.08,127010738.54,121067525.18,129795649.6,31577317.84,17250731.87,279484508.08,206977240.45,1261135035.1,27.21,5.602,12.024,5.165,8.4028,129.525,43.568,8.37693,3473.29242,30083.01026,3361.28301,86434.0672,700.0,20.16474,2.6871400000000003,7.50009,0.86594,7.75002,0.30139000000000005,54.39047,0.22476000000000002,4.51236,6.09311,0.40509,2021-04-30,대상,KOSPI,25850,26200,26250,25800,220622,5731808300,895651446250,34648025,1.202325581395349,-0.18057921635434393,23200,2019-12-30,21500,2020-05-04,0.9267241379310345,0.8024875,7.182130603448276,6.950514439655173,0.27930538793103454,0.2082905172413793,50.40496142241379,1168724278.2176723,4.1817129310344825,21900.0,0.8439306358381496,51.0,23.0,16.0,39.0,11.0,19.0,12.0,36.0,171.0
93,002100,371525656.35,160153422.9,211372233.45,10845875.0,248295523.8,80611234.23,14281976.63,13294935.51,15868144.17,6834073.54,-20879610.26,12675324.71,21548709.97,20259675.49,327808835.69,32.466,5.752,6.695,3.582,3.7719,75.768,56.893,5.09628,581.42103,10789.43027,731.529,11446.54183,250.0,35.4119,2.083333,20.63909,1.1122,16.404,1.0483500000000001,20.53604,2.75532,15.21246,16.18036,1.32024,2021-04-30,경농,KOSPI,14600,14400,14650,14250,170379,2467884950,316699550000,21691750,1.154150197628458,-0.39622641509433976,11350,2019-12-30,12650,2020-05-04,1.1145374449339207,1.2395885462555067,18.282872246696034,23.003038634361232,1.168425330396476,3.0709073127753306,22.888185550660793,365355222.156696,16.95485629955947,12050.0,0.8114478114478102,60.0,44.0,67.0,66.0,59.0,77.0,23.0,58.0,396.0
95,002150,451680724.37,194845012.56,256835711.81,16860000.0,574922988.73,574922988.73,24010625.91,17838645.78,22702661.7,-32275422.02,11392571.91,-10181987.46,28462277.91,23597410.17,226750263.58,100.0,4.176,7.004,4.145,11.121,75.864,56.862,99.70362,529.02272,7616.90853,673.26992,17049.9107,280.0,52.26387,3.435583,15.40577,1.06999,12.1051,0.47801000000000005,-26.9906,1.0236,7.96669,9.60912,0.39440000000000003,2021-04-30,도화엔지니어링,KOSPI,9240,9300,9360,9060,224646,2062107780,311572800000,33720000,1.0120481927710854,-0.24948240165631397,8930,2019-12-30,9130,2020-05-04,1.0223964165733483,1.093953941769317,12.37621086226204,15.750804042553193,0.4887157110862263,1.0465249720044794,-27.595092721164615,231828656.94125423,8.145115307950729,9020.0,0.9204081632653069,41.0,32.0,31.0,59.0,48.0,52.0,6.0,67.0,269.0
107,002410,158124589.89,76477865.89,81646724.0,24831982.0,144357123.69,22161230.14,12006624.98,10968238.01,10907038.33,-7682577.01,14048439.74,1134081.88,13417450.98,11549662.94,133922455.98,15.352,8.317,14.51,7.396,21.9787,93.669,51.634,7.34847,441.69938,3269.53559,439.23483,5813.37244,0.0,0.0,0.0,10.99164,1.48492,11.05331,0.8351400000000001,106.30529,0.09819000000000001,9.98121,11.59536,0.92771,2021-04-30,범양건영,KOSPI,4000,4105,4115,4000,233202,940275230,99327928000,24831982,1.3698630136986307,-0.48680738786279687,3270,2019-12-30,2920,2020-05-04,0.8929663608562691,1.3259836085626913,9.870234006116208,9.815164770642202,0.7457519266055047,0.08768036697247708,94.92704795107034,119588248.1533945,8.912884770642203,2940.0,1.500000000000001,8.0,50.0,45.0,53.0,26.0,4.0,82.0,84.0,268.0
126,002900,656859440.05,486125601.89,170733838.17,67477245.0,713300783.4,125070729.08,29086927.86,6416878.43,55636850.63,-12667957.2,-15143075.71,40383475.96,45680186.86,17363218.18,314554110.53,17.534,4.078,2.982,0.998,8.1445,284.727,25.992,2.36013,28.03156,961.06817,441.20366,5656.51925,0.0,0.0,0.0,56.18666,1.6388,3.56978,0.27844,4.91813,2.00387,6.88601,18.11612,0.44098000000000004,2021-04-30,TYM,KOSPI,1650,1645,1665,1625,1622284,2664657330,225847982250,136877565,1.6336633663366298,-0.19945355191256975,1290,2019-12-30,1010,2020-05-04,0.7829457364341085,1.283091472868217,2.794944031007752,43.99110589147287,0.2180034108527132,1.568921472868217,3.8506289147286816,246278799.7172868,5.391372170542635,1010.0,0.5754985754985759,91.0,46.0,9.0,7.0,74.0,62.0,82.0,65.0,371.0
131,003010,207882894.06,109699110.5,98183783.55,6356373.5,217540949.89,34176144.24,8819184.38,4815521.11,19184941.0,-771997.59,-22172311.99,18612975.4,14101702.62,10062664.85,105918361.44,15.71,4.054,4.97,2.26,4.2356,111.728,47.23,2.78477,413.14518,9975.15301,1509.11058,17112.03329,120.0,24.55726,2.312139,12.56217,0.52029,3.43911,0.3033,3.54479,0.33066,7.51103,10.52587,0.48689000000000004,2021-04-30,혜인,KOSPI,7450,7490,7630,7420,304003,2285698890,94709965150,12712747,1.6301969365426736,-0.2691693290734827,4315,2019-12-30,4570,2020-05-04,1.05909617612978,0.5510371494785632,3.6423482502896873,13.304546210892237,0.32122387022016224,0.35020074159907305,3.754273534183082,112177731.58303593,7.954903151796061,4355.0,0.8806875631951464,46.0,4.0,19.0,16.0,41.0,26.0,19.0,88.0,171.0
133,003060,615309133.79,16952930.07,598356203.72,199287883.5,53319976.2,23200975.67,-2605967.4,18917569.96,8088157.75,-195268467.27,221703837.08,7111867.27,-673920.4,7517039.78,322023148.0,43.513,-4.8870000000000005,2.9939999999999998,3.858,-2.808,2.833,97.245,-53.12013,34.59482,1268.01913,24.86551,163.9222,0.0,0.0,0.0,38.01147,1.03705,52.88449,8.0221,60.14427,1.22321,-477.83558,42.83909,6.03944,2021-04-30,에이프로젠제약,KOSPI,1190,1220,1230,1185,2159910,2591660700,474305162730,398575767,0.5920398009950247,-0.55,1355,2019-12-30,2010,2020-05-04,1.4833948339483394,1.5383546125461254,78.44857926199262,56.38601822878229,11.899941697416974,1.8145033948339482,89.21769940959409,477687474.1549815,-708.8188308487084,2100.0,0.795454545454546,62.0,55.0,92.0,90.0,80.0,70.0,82.0,49.0,531.0
136,003090,1837532868.39,720614938.07,1116917930.33,29070990.0,1355337386.75,626457189.0,98055318.02,118379527.22,145365812.64,-30786823.19,16270597.64,113740765.65,148903883.02,150284184.38,2993994494.01,46.221,7.235,15.102,6.748,6.7965,64.518,60.784,9.33351,1692.0458,16494.66394,2500.18683,23310.82269,100.0,4.22332,0.19880699999999998,29.72733,3.04947,20.1185,2.1578,25.71234,2.11022,20.10689,19.92222,2.20904,2021-04-30,대웅,KOSPI,36300,37700,38250,36200,634894,23345342900,2110553874000,58141980,2.220183486238532,-0.6061776061776062,12950,2019-12-30,16350,2020-05-04,1.2625482625482625,3.85010305019305,25.40057722007722,37.53218884169884,2.7243266409266407,2.6642545945945946,32.46307019305019,3780062546.49139,25.385919034749033,17400.0,0.8149882903981243,59.0,85.0,80.0,74.0,73.0,75.0,63.0,16.0,509.0
163,003720,108988416.83,63239099.92,45749316.91,17000000.0,117657776.92,15850525.85,1317049.49,1150858.14,10777287.1,-7400742.64,-980071.13,2818156.62,8227926.49,1079120.76,117384300.68,13.472,1.119,0.489,1.066,2.2324,138.23,41.976,2.7047,6.3154900000000005,1297.88957,316.97903,3460.52285,0.0,0.0,0.0,410.8942,1.9994,8.18666,0.7498900000000001,31.3077,15.68195,14.26657,108.77772,0.9976700000000001,2021-04-30,삼영화학,KOSPI,2930,2980,3020,2850,301507,881004265,99620000000,34000000,2.4115226337448545,-0.25685425685425656,998,2019-12-30,1215,2020-05-04,1.217434869739479,2.4341392785571143,9.966725350701402,500.2369268537075,0.912942234468938,19.091752755511024,38.11508567134269,142907740.80781564,17.36861978957916,1205.0,1.2221095334685614,14.0,78.0,57.0,54.0,94.0,93.0,82.0,80.0,472.0
164,003780,70722583.81,27292881.21,43429702.6,6500000.0,64314340.75,14517914.71,7890467.52,5136548.71,8143104.45,-7649651.89,1410914.23,7133246.57,9941737.12,7066495.3,64526906.27,22.573,12.269,12.159,8.202,13.9198,62.844,61.409,76.24396,395.11913,3340.74635,626.39265,4947.25698,180.0,45.55588,3.557312,12.80626,1.51463,8.078,1.02279,9.22161,0.28087,6.4905100000000004,9.13139,1.0033,2021-04-30,진양산업,KOSPI,5510,5610,5610,5490,182645,1009109500,71630000000,13000000,1.7947882736156389,-0.4284210526315787,3990,2019-12-30,3070,2020-05-04,0.7694235588972431,1.1653920050125313,6.21540350877193,9.853438145363409,0.7869587218045113,0.2161079949874687,7.095323984962406,49648521.86689223,4.993951303258146,3065.0,0.8455172413793087,50.0,38.0,52.0,34.0,27.0,20.0,4.0,94.0,225.0
169,004000,1874589381.75,224889055.6,1649700326.15,129000000.0,1263635638.07,234061682.62,139232923.69,198791787.65,253112488.59,-125127596.87,-129574298.37,75729158.89,245815730.69,254987425.28,1283742198.58,18.523,11.018,12.651,10.841,12.0084,13.632,88.003,140.95297,7705.10805,64770.33083,9810.56157,48978.12551,1500.0,19.2186,2.717391,7.16408,0.8522400000000001,5.62659,1.12703,18.80597,0.23408,5.22238,5.03453,1.01591,2021-04-30,롯데정밀화학,KOSPI,68000,69800,69900,66800,289044,19655534100,1754400000000,25800000,1.808510638297871,-0.20134228187919445,45150,2019-12-30,37600,2020-05-04,0.832779623477298,0.7097281063122924,4.68570950166113,5.966099844961241,0.9385676190476191,0.19493705426356592,15.66122861572536,1069074344.775371,4.349091650055372,39000.0,0.816753926701571,58.0,14.0,60.0,26.0,6.0,17.0,11.0,39.0,192.0
175,004140,526822001.0,410051935.0,116770066.0,44274655.0,592054485.0,72498396.0,24590388.0,13396837.0,21944122.0,13126890.0,-58970128.0,90776.0,60988814.0,30228313.0,351416345.82,12.245,4.153,12.868,2.319,7.119,351.162,22.165,1.55287,361.001646,2772.05781,604.381794,16306.277873,0.0,0.0,0.0,6.119669,0.7969600000000001,3.655323,0.135487,883.63445,0.121946,5.76198,11.6254,0.59355,2021-04-30,동방,KOSPI,6800,7110,7530,6760,13494320,96673432090,271808008800,39971766,2.9310344827586188,-0.5266409266409268,1555,2019-12-30,2320,2020-05-04,1.4919614147909968,1.189033569131833,5.453600874598071,9.130310019292605,0.20214137620578776,0.18193872668810288,1318.3485041800643,524299628.4902894,8.596651832797429,2175.0,0.9977064220183491,31.0,41.0,6.0,29.0,23.0,13.0,82.0,48.0,225.0
179,004310,157501805.8,67361025.57,90140780.23,16000000.0,132965511.61,58321558.56,3052874.48,2187063.54,10804339.34,-12388137.33,7451621.54,10192428.4,7165235.77,3250093.8,212098024.25,43.862,2.296,2.52,1.439,4.527,74.729,57.232,4.9715300000000004,68.34574,3233.35999,337.6356,4155.17224,42.5,54.17447,0.655864,94.81206,2.00411,19.19229,1.5594999999999999,20.34451,2.00315,29.60098,65.25905,1.5951300000000002,2021-04-30,현대약품,KOSPI,6840,7200,7200,6820,667636,4655067670,218880000000,32000000,1.4869565217391305,-0.3104838709677423,5230,2019-12-30,4600,2020-05-04,0.8795411089866156,1.7626971319311662,16.880408030592733,83.39110439770555,1.371644359464627,1.7618527724665394,17.89383288718929,186548931.4627151,26.035278776290628,4640.0,0.9326633165829151,38.0,65.0,69.0,65.0,86.0,69.0,55.0,71.0,447.0
188,004540,563050290.34,346240603.76,216809686.58,37606853.0,591566240.71,127893338.57,52062528.03,38291329.44,62154272.79,-34474246.43,-29982215.66,28062583.78,82260285.89,54129096.22,378565467.47,21.619,8.801,20.21,6.954,12.3092,159.698,38.506,5.17302,1013.07935,5766.02369,1652.73794,15730.27769,100.0,9.87893,2.320186,4.25436,0.74748,2.60779,0.27399,5.77586,0.07795,4.60204,6.99375,0.6399400000000001,2021-04-30,깨끗한나라,KOSPI,6450,6480,6510,6240,736068,4707632620,240202469850,37240693,1.7245989304812843,-0.31527531083481386,2390,2019-12-30,3740,2020-05-04,1.5648535564853556,1.1696967364016737,4.0808094560669455,6.657450376569038,0.4287542259414226,0.12198033472803348,9.038375062761506,592399518.1329707,7.201518661087865,3675.0,1.3125000000000036,12.0,39.0,28.0,21.0,10.0,5.0,18.0,46.0,133.0
192,004710,591392385.11,312289415.22,279102969.9,160549390.0,1194892147.18,150987010.66,32460187.66,26185818.03,42005049.24,-36645390.4,31818050.22,7769044.51,61683940.66,28750318.97,359548140.64,12.636,2.717,9.702,4.819,8.5356,111.89,47.194,8.08675,816.33312,8874.16485,1308.16596,37212.60315,0.0,0.0,0.0,12.43365,1.14377,7.7589500000000005,0.27276,41.95049,7.85602,5.82888,12.50588,0.3009,2021-04-30,한솔테크닉스,KOSPI,9960,9970,10150,9940,680659,6804300800,319814384880,32109878,1.6544850498338852,-0.2019512195121953,8940,2019-12-30,6020,2020-05-04,0.6733780760626398,0.7701896420581654,5.224706823266219,8.372547315436242,0.18367060402684562,5.290071633109619,28.24854024608501,242111835.19606262,3.9250399999999996,6040.0,0.9526813880126187,34.0,20.0,4.0,28.0,17.0,82.0,82.0,66.0,267.0
193,004720,135543934.05,51973964.57,83569969.48,7356466.5,96614310.44,53599087.91,-669904.65,9124058.82,2675611.64,-7720667.82,19567694.05,-1663525.93,2292903.35,11379174.37,157212948.22,55.477,-0.6930000000000001,13.209,7.746,1.0432,62.192,61.655,-2.31361,672.93298,5693.26543,195.23666,7049.84799,0.0,0.0,0.0,16.79216,1.9848,57.87847,1.60287,-93.09162,0.8559700000000001,68.56501,13.81585,1.6272199999999999,2021-04-30,팜젠사이언스,KOSPI,15750,16700,18600,14950,21469040,358452897100,231728694750,14712933,2.3577844311377265,-0.6781783681214422,6370,2019-12-30,6680,2020-05-04,1.0486656200941915,2.081391522762951,60.69516163265306,17.609360879120878,1.6808746624803768,0.8976263108320253,-97.62198141287284,164863813.83196232,71.90176872841444,6680.0,0.8542199488491047,48.0,71.0,74.0,89.0,51.0,48.0,82.0,76.0,463.0
194,004770,65431756.62,1602323.38,63829433.23,18372505.5,16423123.84,5146940.86,1200510.39,5837866.94,3553190.46,-8503389.57,-203400.73,3346181.52,1813156.39,6511997.95,135253590.33,31.34,7.31,9.919,9.199,27.9991,2.51,97.551,14.80777,169.50262,1831.80992,103.16698,476.84583,0.0,0.0,0.0,30.02903,2.77867,49.33749,10.67431,52.38972,0.43008,74.59565,20.76991,8.23556,2021-04-30,써니전자,KOSPI,3570,3585,3650,3550,483482,1737790040,124396689270,34845011,1.1104199066874023,-0.38878326996197743,3850,2019-12-30,3215,2020-05-04,0.8350649350649351,2.320369883116883,41.20000788311688,25.076189987012985,8.913741987012987,0.3591447272727273,43.74881812987013,112945530.62622079,62.29221162337663,3210.0,1.0272000000000006,29.0,76.0,89.0,83.0,64.0,27.0,82.0,86.0,450.0
196,004830,105039887.13,38803664.35,66236222.78,8536000.0,117682291.65,17715727.17,5564655.02,3621883.79,5498711.55,-974346.91,155202.82,3979228.76,9421016.58,4195302.48,147048994.4,15.054,4.729,5.606,3.484,7.7598,58.584,63.058,7.46164,212.15347,4278.43081,322.08948,6893.29262,45.0,19.42702,0.573248,37.00152,1.83478,24.37211,1.13879,33.67869,0.40843,15.60861,35.05087,1.24954,2021-04-30,덕성,KOSPI,22150,22500,23500,21800,877323,19607551750,347312000000,15680000,6.221910112359549,-0.41463414634146434,2920,2019-12-30,3560,2020-05-04,1.2191780821917808,2.236923561643836,29.71394232876712,45.11144219178082,1.388387808219178,0.49794890410958903,41.06032068493151,179278910.98082194,19.029675205479453,3530.0,1.1100628930817593,18.0,73.0,70.0,77.0,75.0,34.0,56.0,73.0,403.0
212,005250,3241202077.38,1567701358.63,1673500718.75,26579335.0,1719325650.41,530290891.69,70732029.71,179995783.82,38138268.88,-98802106.53,385158791.6,-70302820.45,123563029.71,130313767.08,2635996559.12,30.843,4.114,19.74,5.985,3.0963,93.678,51.632,2.9055,3450.74134,20248.14867,769.80027,34703.65584,500.0,13.2791,1.204819,12.0264,2.04957,53.91009,1.19584,-29.24545,0.20744,21.33321,20.22807,1.53316,2021-04-30,녹십자홀딩스,KOSPI,36600,36950,38000,35900,478688,18062188200,1721232486000,47028210,1.8074074074074074,-0.3927238805970149,22250,2019-12-30,20250,2020-05-04,0.9101123595505618,1.865338988764045,49.06423921348314,10.945375280898878,1.0883487640449439,0.18879370786516855,-26.616645505617978,2399053048.1878653,19.41561808988764,21050.0,0.8539553752535503,49.0,67.0,64.0,86.0,33.0,15.0,36.0,25.0,350.0
214,005320,186319360.32,96606413.36,89712946.96,19422932.0,253421044.03,71772503.64,31227155.5,15897276.58,26612822.44,4858168.9,30982019.89,14911586.6,33785384.5,24151682.14,153469205.72,28.321,12.322,20.625,9.949,27.4347,107.684,48.15,8.13369,454.98797,2321.45545,761.67223,7253.03649,50.0,12.1429,1.1904759999999999,9.23101,1.8092100000000002,5.51418,0.5790700000000001,9.8412,0.23094,4.54247,6.35439,0.6055900000000001,2021-04-30,국동,KOSPI,3840,3840,3885,3825,520462,2006128240,201274632960,52415269,1.2864321608040201,-0.3723958333333337,1235,2019-12-30,2985,2020-05-04,2.417004048582996,4.372867894736842,13.327795384615383,22.31138854251012,1.3996145344129556,0.558182914979757,23.78622024291498,370935691.55805665,10.9791683805668,2485.0,1.0711206896551735,20.0,86.0,71.0,60.0,58.0,37.0,37.0,57.0,369.0
225,005690,69744383.2,12639164.86,57105218.34,29979475.0,37752047.6,17779291.07,7233378.52,5241801.25,8978054.53,-3604843.68,-178474.58,8418864.22,9002608.52,5160332.25,1014405188.61,47.095,19.16,9.651,7.882,18.8143,22.133,81.878,85.20583,87.42317,952.61099,149.73669,629.63157,0.0,0.0,0.0,197.88805,18.16061,115.53615,27.47639,123.21019,6.4466,112.67903,196.57749,26.8702,2021-04-30,파미셀,KOSPI,16550,17000,17050,16400,819664,13651347350,992320622500,59958950,0.6700404858299599,-0.4066390041493776,8490,2019-12-30,24700,2020-05-04,2.9093050647820964,52.83475465253238,336.129906360424,575.7167061248527,79.93720058892814,18.75512603062426,358.4560297997644,2951214152.9643106,327.8176726737338,19000.0,1.6593886462882073,3.0,96.0,95.0,94.0,95.0,92.0,82.0,20.0,557.0
241,006060,1433482293.57,806233973.21,627248320.37,27660000.0,1298773635.12,220375253.15,82391917.2,49917298.01,110051169.53,-116110901.25,197214534.45,14950036.67,147326065.2,76793103.47,628188771.87,16.968,6.344,10.937,3.692,7.4596,128.535,43.757,4.77623,675.09335,6622.01455,1989.35592,23477.4699,188.0,26.80519,2.636746,10.5615,1.07671,3.58407,0.3037,26.38332,13.11459,4.26394,8.18027,0.48368000000000005,2021-04-30,화승인더,KOSPI,8110,7880,8210,7840,913936,7409389420,448645200000,55320000,0.9518779342723,-0.2865105908584171,11900,2019-12-30,8520,2020-05-04,0.7159663865546219,0.7708881680672269,2.5660736470588237,7.561678991596639,0.21743899159663868,9.389605613445378,18.889570285714285,449762045.06994957,3.0528377142857144,8230.0,0.7691588785046739,67.0,21.0,8.0,5.0,13.0,87.0,13.0,52.0,214.0
248,006280,2151399593.55,882093850.05,1269305743.5,58432690.0,1504115278.65,440626609.4,50252525.87,89270741.45,35973500.91,29684195.08,80987440.66,-46902040.83,99043525.87,113638502.64,5055668022.12,29.295,3.341,7.479,4.343,3.0117,69.494,58.999,4.85344,6935.2325,98002.82363,3078.19997,128704.94912,1500.0,21.12277,0.369458,58.54166,4.14274,131.89526,3.1545,-101.16264,3.8945,51.04491,44.48904,3.36122,2021-04-30,녹십자,KOSPI,338500,342500,354000,331000,188860,64746712000,3955893113000,11686538,2.3671328671328657,-0.3623762376237628,132500,2019-12-30,143000,2020-05-04,1.079245283018868,4.471032603773585,142.34733720754718,63.18081041509434,3.404479245283019,4.203120754716981,-109.17930203773584,5456305865.3823395,55.08997833962264,148500.0,1.0683453237410057,21.0,87.0,83.0,92.0,83.0,80.0,61.0,10.0,507.0
249,006340,192012755.09,106632038.35,85380716.74,36819083.5,367313109.91,14668013.32,4270862.58,2314049.73,8150191.59,-4724837.7,-3807221.23,5783422.63,7412786.58,3770583.45,106399630.36,3.993,1.163,2.792,1.213,2.6436,124.89,44.466,5.22643,32.14649,1159.46282,113.22146,5102.66861,0.0,0.0,0.0,33.5962,0.9314700000000001,9.53883,0.21165,13.44243,0.6832900000000001,14.35353,28.21834,0.28967000000000004,2021-04-30,대원전선,KOSPI,1485,1510,1530,1470,766677,1143861845,105460195995,71016967,1.470297029702969,-0.1921397379912665,1165,2019-12-30,1010,2020-05-04,0.8669527896995708,0.8075405150214593,8.269715278969958,29.126319313304723,0.18349055793991417,0.5923801716738197,11.6539521888412,92243456.36360514,12.44383287553648,1005.0,0.7077464788732407,78.0,24.0,3.0,46.0,67.0,38.0,82.0,89.0,338.0
250,006360,13770677888.91,9458561906.49,4312115982.42,403541015.0,10122930837.45,1535087602.01,750397845.88,329675683.02,553879345.02,-268985594.43,50931976.64,426228167.17,910331845.88,591772779.87,4521537485.3,15.164,7.413,7.681,2.447,9.643,219.349,31.314,6.51382,3890.19296,51755.13887,6912.83576,126341.88104,1200.0,30.80533,3.174603,9.71674,0.73036,5.46809,0.29919,7.10573,0.18008000000000002,4.96691,7.6406600000000005,0.44666000000000006,2021-04-30,GS건설,KOSPI,44150,46850,46900,44150,1429768,64536263050,3774421822200,85490868,1.8131416837782337,-0.21476510067114107,31050,2019-12-30,24350,2020-05-04,0.784219001610306,0.5727621900161031,4.288180080515298,7.620052141706925,0.23463048309178747,0.14122215780998393,5.5724484863124,3545875612.46554,3.8951452012882455,25300.0,0.6223862238622377,89.0,7.0,11.0,24.0,15.0,9.0,7.0,17.0,162.0
263,006890,140679345.21,16476999.71,124202345.5,5800000.0,47060538.8,17892507.21,7702115.32,7734494.04,8776365.31,-11294884.68,-2271230.82,5144134.36,9984883.32,9325274.83,124157410.36,38.02,16.366,6.374,5.599,16.2653,13.266,88.288,687.75027,666.76673,10958.48353,756.58322,4056.943,200.0,29.30741,1.413428,21.22181,1.29124,18.7025,3.48785,31.90819,0.31332000000000004,12.43454,13.31408,2.63825,2021-04-30,태경케미컬,KOSPI,14450,14400,14900,14400,256079,3749733250,167620000000,11600000,2.7161654135338336,-0.3665768194070085,5250,2019-12-30,5320,2020-05-04,1.0133333333333334,1.3084565333333333,18.951866666666668,21.50476746666667,3.5343546666666668,0.31749760000000005,32.333632533333336,125812842.49813335,12.600333866666668,5000.0,0.7936507936507935,63.0,49.0,85.0,67.0,56.0,23.0,34.0,82.0,377.0
265,007070,7177767175.77,4510588585.25,2667178590.52,77000000.0,8862318939.41,1831295803.62,252567215.54,154521822.93,805979740.33,-390521128.29,-436220448.49,504323539.76,921163215.54,234054259.43,5313188082.63,20.664,2.85,7.495,2.172,4.477,169.115,37.159,3.67959,2187.3708,29928.49674,10467.26935,115095.05116,900.0,41.14529,2.612482,15.7495,1.15108,3.29121,0.29932000000000003,5.25982,1.2559,5.7679100000000005,22.70067,0.59952,2021-04-30,GS리테일,KOSPI,35800,36300,36600,35700,343401,12370704500,2756600000000,77000000,0.9546666666666668,-0.27936145952109426,39250,2019-12-30,37500,2020-05-04,0.9554140127388535,1.0997579617834397,3.144468152866242,15.047292993630572,0.28597452229299364,1.1999044585987262,5.025305732484076,5076294346.461783,5.510742038216561,37950.0,0.9705882352941185,33.0,35.0,17.0,13.0,46.0,55.0,14.0,11.0,213.0
266,007110,94043686.09,41825961.36,52217724.73,38728305.0,58742051.91,9702178.85,1641325.23,634642.15,10700817.91,-5110612.58,-565684.92,10010463.73,2773952.23,1174172.35,143155138.61,16.517,2.794,1.219,0.7000000000000001,2.3645,80.099,55.525,4.17279,8.19352,674.39484,138.15242,758.38656,0.0,0.0,0.0,230.0599,2.7951,13.64435,2.48554,14.58531,4.15118,51.60692,121.92004,2.43701,2021-04-30,일신석재,KOSPI,2050,2045,2085,2020,1129974,2316796010,158786050500,77456610,0.8151093439363805,-0.33333333333333415,2420,2019-12-30,2515,2020-05-04,1.0392561983471074,2.9048249999999998,14.179975309917353,239.09117706611568,2.5831128512396693,4.3141395454545455,15.157873822314048,148774865.12568182,53.632811487603306,2485.0,1.0332640332640328,27.0,81.0,79.0,62.0,91.0,81.0,82.0,79.0,503.0
275,007570,439116734.91,194194687.58,244922047.34,48826860.0,343328723.95,181708823.2,34100857.09,21545309.77,57484189.26,-21160110.28,-30961060.18,47309796.26,46764778.13,30892317.49,1352872180.72,52.926,9.932,5.385,4.916,8.7644,79.288,55.776,11.30453,557.04883,11109.43296,2943.26674,17578.88609,120.0,20.67322,0.182371,118.1225,5.92289,22.35611,3.74313,27.16399,5.87113,28.9293,43.79316,3.94046,2021-04-30,일양약품,KOSPI,38250,39450,39600,38250,387666,14973795250,730026648000,19085664,1.2028301886792447,-0.673155737704918,22550,2019-12-30,31800,2020-05-04,1.41019955654102,8.352456851441241,31.52657640798226,166.57629711751662,5.278560266075388,8.279464922394679,38.3066466518847,1907819749.3080266,40.79608603104213,32800.0,1.1693404634581093,15.0,93.0,88.0,78.0,90.0,86.0,64.0,29.0,514.0
280,007700,817829021.44,266105399.89,551723621.56,7700000.0,837615841.67,566839684.03,122578985.9,85358337.0,154603146.15,-139521602.0,16590519.17,134704228.02,158145292.9,120002495.69,1139379350.86,67.673,14.634,16.589,11.364,23.6645,48.232,67.462,83.25985,5571.08062,35987.25278,10039.16533,54390.63907,1000.0,17.85671,1.184834,15.14966,2.34527,8.407070000000001,1.5517400000000001,9.64899,3.26752,7.20464,9.49463,1.36026,2021-04-28,F&F,KOSPI,180000,175500,180000,164500,260609,44631725000,2772000000000,15400000,1.6666666666666667,-0.26909090909090927,112000,2019-12-30,108000,2020-05-04,0.9642857142857143,2.2615103571428574,8.106817500000002,14.608600714285716,1.4963207142857144,3.1508228571428574,9.304383214285714,1098687231.1864285,6.947331428571429,107000.0,1.3665389527458496,11.0,74.0,73.0,45.0,44.0,78.0,38.0,38.0,363.0
299,008970,153374076.51,65870365.72,87503710.79,59454240.0,173822459.25,27103021.63,7418419.63,7038970.07,20265883.59,-1924896.74,-13377683.83,15433713.15,13756011.63,8418705.99,153418178.3,15.592,4.268,8.413,4.433,6.3014,75.277,57.052,6.66234,59.19654,735.98329,170.43262000000001,1461.81718,0.0,0.0,0.0,18.92003,1.52177,6.57151,0.76617,8.629,0.6351500000000001,11.15281,18.22349,0.8826100000000001,2021-04-30,동양철관,KOSPI,1750,1770,1950,1715,111024327,204097126270,208049257500,118885290,1.6826923076923095,-0.14625550660792874,1040,2019-12-30,1040,2020-05-04,1.0,1.52177,6.57151,18.92003,0.76617,0.6351500000000001,8.629,153418178.3,11.15281,1030.0,0.7803030303030304,66.0,54.0,48.0,36.0,53.0,39.0,82.0,77.0,378.0
302,009150,9225498476.08,3315102536.58,5910395939.5,388003400.0,8208738308.01,1939740107.52,829130678.28,623811177.84,1588076610.01,-732395953.16,-209473996.91,831408898.3,1670308069.28,820442019.08,13951132455.21,23.63,10.101,10.924,6.97,11.8691,56.089,64.066,17.34966,7782.94583,76406.34192,20464.72544,105781.7832,1400.0,17.53568,0.7865169999999999,22.87052,2.32965,8.69789,1.6827100000000002,16.61387,0.41475,8.35243,17.00441,1.69955,2021-04-30,삼성전기,KOSPI,179000,184000,185500,178000,661991,119522456500,13370171584000,74693696,1.6347031963470329,-0.17511520737327235,125000,2019-12-30,109500,2020-05-04,0.876,2.0407734,7.61935164,20.03457552,1.4740539600000002,0.363321,14.553750119999998,12221192030.76396,7.31672868,113500.0,1.0558139534883728,23.0,69.0,72.0,43.0,55.0,28.0,48.0,8.0,338.0
309,009290,830643378.84,328461745.97,502181632.87,52420851.0,1243769596.22,257708535.76,46590713.44,45601967.39,22828703.29,-47560222.49,3837833.9,17566304.99,66299465.44,63708395.26,497745479.5,20.72,3.746,10.075,5.618,9.9678,65.407,60.457,18.34951,865.49096,11627.41517,435.48899,23726.6197,100.0,9.05462,0.9756100000000001,11.84299,0.8815400000000001,23.53676,0.432,30.58775,0.47259000000000007,7.50753,7.81287,0.40019000000000005,2021-04-30,광동제약,KOSPI,8940,9120,9150,8930,226389,2041050330,468642407940,52420851,1.4850498338870408,-0.33306122448979647,6650,2019-12-30,6020,2020-05-04,0.9052631578947369,0.7980256842105264,21.306961684210528,10.72102252631579,0.39107368421052635,0.42781831578947377,27.689963157894738,450590644.6,6.796290315789474,6060.0,0.8290013679890557,55.0,22.0,24.0,70.0,31.0,31.0,43.0,51.0,276.0
313,009420,220132430.9,38858947.93,181273482.97,26120319.0,88602270.09,50651038.41,5935188.2,19764498.92,929290.57,-2317735.01,-519345.16,-1633033.3,8829407.2,17096584.9,1868869707.13,57.167,6.699,12.288,9.606,17.4146,21.437,82.347,370.74072,378.33571,3541.93642,17.78865,1696.04112,0.0,0.0,0.0,99.11832,10.58743,2108.08545,22.11031,-1199.62277,1.96788,211.66423,109.31246,21.0928,2021-04-30,한올바이오파마,KOSPI,23000,23150,23400,22800,204847,4726443950,1201534674000,52240638,0.9563409563409557,-0.48367593712212864,36300,2019-12-30,24050,2020-05-04,0.662534435261708,7.014536955922864,1396.6792030991735,65.66930016528926,14.648841749311293,1.3037882644628098,-794.7913944490357,1238190535.9910882,140.23484108815427,24300.0,0.7431192660550452,71.0,92.0,93.0,96.0,84.0,57.0,82.0,34.0,575.0
333,010420,107126396.29,63470511.32,43655884.97,10246506.0,244823923.24,20436705.51,3891210.46,2951895.32,10027772.71,-3055702.11,-2662809.31,9641332.71,6468796.46,4596774.19,9617542.98,8.348,1.589,6.969,2.8040000000000003,26.0127,145.388,40.752,15.66642,144.044,2130.28153,489.32645,11946.70277,25.0,17.3558,1.445087,12.01022,0.8121,3.53547,0.14481000000000002,3.67718,1.93891,1.48676,2.09224,0.03928,2021-04-30,한솔PNS,KOSPI,2195,2250,2290,2155,542266,1198874850,44982161340,20493012,1.4931972789115668,-0.15161290322580645,1735,2019-12-30,1470,2020-05-04,0.8472622478386167,0.6880616714697406,2.995470259365994,10.175805994236311,0.12269204610951011,1.6427652449567722,3.1155357925072042,8148581.083919308,1.2596756195965417,1420.0,0.9498327759197347,36.0,12.0,2.0,9.0,29.0,66.0,33.0,96.0,187.0
341,010820,180652738.24,135938846.92,44713891.33,24030730.0,132075449.9,9061752.8,4016336.47,7130774.23,11038639.09,-18617196.93,-13323763.4,10371828.97,5838579.47,6250118.59,75765504.28,6.861,3.041,19.81,3.931,6.8585,304.019,24.751,9.41931,150.24323,933.78908,232.58075,2782.78932,0.0,0.0,0.0,14.24357,2.29174,9.20111,0.7690100000000001,9.79265,0.14051000000000002,12.9767,12.12225,0.57365,2021-04-30,퍼스텍,KOSPI,2465,2440,2490,2400,368139,901196425,118471498900,48061460,1.3042328042328042,-0.48316062176165764,2085,2019-12-30,1890,2020-05-04,0.9064748201438849,2.0774046043165466,8.3405745323741,12.911437553956835,0.697088201438849,0.12736877697841728,8.876790647482014,68679521.86532374,11.76305179856115,2170.0,0.7919708029197089,64.0,70.0,41.0,47.0,38.0,6.0,82.0,92.0,348.0
345,011070,6038600271.63,3610912434.53,2427687837.1,118335535.0,9541789540.55,1290340322.59,681019009.07,236127867.01,950268413.75,-826161591.13,-167157650.36,183606612.12,1349526009.07,489352339.88,5360092544.47,13.523,7.1370000000000005,10.195,3.999,15.0903,148.739,40.203,13.70618,9976.84259,102587.71998,40151.43945,403166.70477,700.0,7.01548,0.38356199999999996,18.29236,1.7789700000000002,4.54529,0.45267,23.52446,1.7342300000000002,3.97183,10.95344,0.5617500000000001,2021-04-30,LG이노텍,KOSPI,201000,207000,207500,200000,243581,49354298500,4757088507000,23667107,1.528517110266163,-0.19220055710306405,140000,2019-12-30,131500,2020-05-04,0.9392857142857143,1.6709611071428574,4.269325964285714,17.18175242857143,0.42518646428571427,1.6289374642857144,22.096189214285715,5034658354.270036,3.7306831785714287,132000.0,1.0476190476190452,24.0,61.0,27.0,23.0,50.0,64.0,60.0,12.0,309.0
349,011200,9373360000.0,7684812000.0,1688548000.0,1633632000.0,6413270000.0,1284442000.0,980781000.0,123966000.0,1408546000.0,-2034150000.0,1155460000.0,-421155000.0,1566978000.0,526072000.0,9515640205.85,20.028,15.293,8.925,1.499,14.1721,455.114,18.014,2.37044,384.04368,5164.41707,4366.35367,19880.50444,0.0,0.0,0.0,36.32399,2.70118,3.19489,0.70169,-10.68524,1.32331,6.07261,18.08809,1.48374,2021-04-30,HMM,KOSPI,39200,40100,40600,38850,11054067,439631750850,13539385490400,345392487,11.18402282453638,-0.22441651705565546,3550,2019-12-30,3505,2020-05-04,0.9873239436619718,2.666939690140845,3.1543913943661974,35.86354505633803,0.6927953380281691,1.306535647887324,-10.549793295774649,9395019414.50824,5.9956332535211265,3610.0,0.9150823827629903,42.0,80.0,40.0,14.0,70.0,59.0,82.0,9.0,387.0
352,011280,566786153.6,242365394.71,324420758.9,35402970.0,562012033.56,80133724.05,9537738.56,4544661.36,42912819.62,-21127450.35,-17082127.46,20145398.03,35633011.97,9259828.9,555757466.68,14.258,1.697,0.973,0.802,1.6108,74.707,57.239,2.52981,42.20419,4476.6699,606.06242,7937.35714,0.0,0.0,0.0,138.37489,1.30454,9.63597,0.7357600000000001,20.52611,0.19351000000000002,15.5967,60.01811,0.98887,2021-04-30,태림포장,KOSPI,5120,5070,5220,5070,262680,1353064240,362526412800,70805940,1.2673267326732671,-0.37414965986394555,4250,2019-12-30,4040,2020-05-04,0.9505882352941176,1.2400803764705883,9.159839717647058,131.53754249411764,0.6994048,0.18394832941176473,19.51187868235294,528296509.5028705,14.826039529411764,3925.0,0.7255083179297596,73.0,45.0,42.0,52.0,89.0,14.0,82.0,47.0,397.0
354,011330,285803950.39,182219406.0,103584544.38,34355171.5,126248781.74,26283616.91,15329617.77,11193674.81,19201728.31,-106858132.89,91663717.43,-21377482.11,18623000.59,14237398.88,246304224.915,20.819,12.142,12.009,4.915,7.5908,175.914,36.243,4.69298,159.39004,1441.98944,281.55682,1851.19821,50.0,31.18749,3.533569,8.87759,0.98128,5.02563,0.7643700000000001,-4.51413,0.77585,13.22581,17.2998,1.9509400000000001,2021-04-30,유니켐,KOSPI,1690,1690,1715,1665,896181,1509650810,116120479670,68710343,1.062893081761008,-0.22356495468277904,1810,2019-12-30,1590,2020-05-04,0.8784530386740331,0.8620083977900552,4.4147799447513805,7.79854591160221,0.6714631491712708,0.6815477900552487,-3.965451215469613,216366694.81483424,11.618252983425414,1580.0,0.696035242290748,81.0,26.0,39.0,25.0,16.0,41.0,5.0,68.0,233.0
357,011500,171371035.39,40522139.56,130848895.83,7818521.0,208254761.98,24713504.14,13749903.56,12986053.11,22111410.58,-13461166.8,-9402030.01,2837723.78,21352281.59,16317702.14,151340032.0,11.867,6.602,10.342,7.759,9.0003,30.969,76.354,26.67011,830.46737,8555.55935,1414.04049,13318.04071,180.0,21.19908,2.022472,10.71686,1.04026,6.29402,0.66827,49.04271,0.7520100000000001,7.08777,9.27459,0.7267100000000001,2021-04-30,한농화성,KOSPI,16300,16700,16850,16300,247391,4081976450,254883784600,15637042,3.2929292929292915,-0.3162583518930957,4255,2019-12-30,4950,2020-05-04,1.163337250293772,1.2101732079905991,7.322067920094007,12.467322444183313,0.7774233842538191,0.8748412455934196,57.053211398354875,176059496.68625146,8.245466862514688,4770.0,1.1170960187353622,16.0,43.0,49.0,40.0,36.0,47.0,24.0,74.0,255.0
360,011780,5027282217.05,1878048584.07,3149233632.98,167455885.0,4809535907.76,950769144.31,742159982.88,582982310.65,771534306.41,-200046468.89,-278523876.07,596094641.76,923199982.88,791823736.72,4959545151.12,19.768,15.431,20.18,12.189,18.791,59.635,62.643,26.52371,17404.55658,112845.14351,23036.94213,143606.05803,4200.0,19.868290000000002,2.896552,8.33115,1.28495,6.29424,1.00971,8.14673,0.2096,5.37212,6.26344,1.03119,2021-04-30,금호석유,KOSPI,260000,257500,263000,249500,420181,108348981000,7921599660000,30467691,3.6775106082036815,-0.2599277978339348,77500,2019-12-30,70700,2020-05-04,0.912258064516129,1.172206,5.7419712,7.600158774193547,0.9211160903225807,0.19120929032258066,7.431920141935484,4524385060.441084,4.900759793548387,76400.0,0.7835897435897445,65.0,40.0,58.0,31.0,14.0,16.0,8.0,13.0,232.0
366,012200,292275959.81,99695983.58,192579976.24,17000000.0,379681389.81,59116767.47,2784479.07,9991006.95,21599711.0,-3090152.16,-8197131.96,14301327.14,15300937.44,12216959.68,159106372.83,15.57,0.733,5.3,3.492,0.9602,51.769,65.89,3.71618,293.85315,5664.11695,635.28562,11167.0997,35.0,11.98077,0.8101849999999999,14.70122,0.7627,6.80009,0.38685,10.27038,3.055,10.39847,13.0234,0.41905000000000003,2021-04-30,계양전기,KOSPI,4435,4450,4470,4370,150841,665574675,144581000000,32600000,1.61566484517304,-0.1983240223463686,2865,2019-12-30,2745,2020-05-04,0.9581151832460733,0.7307544502617801,6.51526947643979,14.085462094240837,0.37064685863874347,2.927041884816754,9.840207015706806,152442231.55963352,9.962931989528794,2740.0,0.6927939317319854,83.0,17.0,23.0,35.0,42.0,76.0,47.0,78.0,323.0
375,012690,91311098.53,20100121.67,71210976.86,18885627.5,117130875.74,31777683.35,9334233.0,7918008.57,6661696.98,-14754802.49,2375647.99,902436.19,13892143.38,10094134.31,179319609.18,27.13,7.969,11.616,9.403,14.9506,28.226,77.987,44.33701,216.50907,1947.74254,182.15664,3202.81258,75.0,34.63065,1.488095,23.27847,2.58761,27.66849,1.57362,204.24616,0.9583600000000001,12.90799,17.76473,1.5309300000000001,2021-04-30,모나리자,KOSPI,5160,5180,5270,5130,195229,1011506790,188707675800,36571255,0.7107438016528929,-0.46556122448979564,3630,2019-12-30,7260,2020-05-04,2.0,5.17522,55.33698,46.55694,3.14724,1.9167200000000002,408.49232,358639218.36,25.81598,7140.0,1.7629629629629628,2.0,89.0,82.0,87.0,76.0,71.0,32.0,59.0,439.0
378,013000,48561753.5,4163515.73,44398237.77,14354832.5,27452348.12,3663410.71,1444057.07,1067707.0,887433.83,1802598.24,-93011.04,887433.83,1444057.07,1037779.78,54531740.38,13.345,5.26,2.437,2.251,1.8791,9.378,91.426,131277.91545,37.18981,1546.57061,30.91063,956.2058,0.0,0.0,0.0,80.66726,1.93978,97.05399,3.1374,97.05399,1.69741,37.76287,52.54654,1.9864100000000002,2021-03-23,세우글로벌,KOSPI,2470,3530,3650,2470,1784188,5931309500,70901426570,28705031,1.28981723237598,-0.4208675263774909,1990,2019-12-30,1915,2020-05-04,0.9623115577889447,1.8666727135678394,93.39617630653267,77.62703663316583,3.019156281407035,1.6334372613065327,93.39617630653267,52476524.0340201,36.339646256281405,1965.0,1.100840336134454,19.0,68.0,81.0,91.0,85.0,65.0,82.0,93.0,491.0
387,014160,207957143.53,54064889.01,153892254.52,54197274.5,260706386.48,33422755.82,4701762.15,3313635.81,17017997.09,-3284651.18,-12499927.89,15388417.95,15556798.15,4895934.1,189117848.415,12.82,1.803,2.177,1.577,2.2938,35.132,74.002,9.90963,30.57013,1492.51215,157.00049,2405.16141,0.0,0.0,0.0,54.13781,1.10887,10.54137,0.6881,11.65766,1.18233,12.1566,38.62753,0.7254,2021-04-30,대영포장,KOSPI,2800,2850,2985,2800,3092696,8962482260,303504737200,108394549,2.4034334763948477,-0.405,1110,2019-12-30,1165,2020-05-04,1.0495495495495495,1.163814009009009,11.063690135135134,56.8203140990991,0.7221950450450451,1.240913918918919,12.2352918018018,198488552.61574322,12.758954054054053,1165.0,0.9209486166007911,40.0,37.0,44.0,58.0,81.0,56.0,82.0,69.0,398.0
407,015860,1158500911.68,638963895.1,519537016.59,49852615.0,934000099.88,152222329.39,27285149.66,16834021.88,74075269.61,-72348740.86,-65391713.76,44406202.98,58315473.35,29822245.67,458157619.72,16.298,2.9210000000000003,3.508,1.434,4.1373,122.987,44.846,2.63651,204.94371,6299.19073,1501.09519,18927.00586,100.0,45.46966,1.7985609999999999,27.1294,0.88265,3.70396,0.29376,6.17869,0.7535900000000001,7.85654,15.36295,0.49053,2021-04-30,일진홀딩스,KOSPI,5530,5680,5680,5520,210260,1171480590,272891580990,49347483,1.4966170500676603,-0.3702046035805625,5070,2019-12-30,3695,2020-05-04,0.7287968441814595,0.6432725345167652,2.699434358974359,19.77182110453649,0.21409136094674555,0.5492140138067061,4.503009773175542,333903827.38962525,5.7258215581854035,3715.0,0.9345911949685555,37.0,10.0,7.0,6.0,54.0,36.0,26.0,60.0,176.0
411,016380,2257720824.14,1285016838.61,972703985.53,555311410.0,2342443590.9,209770782.77,110778751.21,66893129.34,130038502.4,28389851.17,-201358920.16,64960505.94,168929751.21,108450217.61,2046085166.06,8.955,4.729,7.179,2.9,6.0751,132.108,43.083,2.6660500000000003,667.69804,9715.7043,1299.57562,23409.85578,100.0,14.97969,0.862069,17.37312,1.19394,8.92599,0.49552,17.86813,0.6657200000000001,12.11205,18.86658,0.87348,2021-04-30,KG동부제철,KOSPI,20000,22000,22050,19050,1377732,28382022900,2000177940000,100008897,1.6597510373443976,-0.6030690537084398,7800,2019-12-30,12050,2020-05-04,1.544871794871795,1.8444842307692308,13.789510192307693,26.83924307692308,0.7655148717948719,1.0284520512820514,27.603970064102565,3160939262.951667,18.711564423076926,11500.0,1.116504854368932,17.0,66.0,47.0,61.0,65.0,50.0,45.0,19.0,351.0
420,017040,165884690.37,56097483.96,109787206.41,21668807.5,123548324.52,11255770.37,4237432.6,4529827.1,5269896.4,-2588558.99,329434.92,1142502.15,5859869.16,5680232.28,36852732.15,9.11,3.43,4.671,2.808,10.8852,51.097,66.183,20.93643,107.82479,2361.6121,121.60098,2850.8335,15.0,13.91145,0.746269,18.64135,0.85111,16.52947,0.70506,76.24371,0.29221,6.289,6.48789,0.29828000000000005,2021-04-30,광명전기,KOSPI,2730,2645,2755,2635,2189391,5931793520,118311688950,43337615,1.3284671532846735,-0.26681614349775806,2280,2019-12-30,2055,2020-05-04,0.9013157894736842,0.7671188815789474,14.898272302631579,16.801743092105262,0.6354817105263157,0.26337348684210526,68.71965967105263,33215949.37203947,5.668374999999999,2060.0,0.8190854870775341,57.0,19.0,35.0,63.0,49.0,21.0,50.0,95.0,294.0
424,017550,236404221.43,132757188.73,103647032.7,26993091.5,137829698.96,30374539.42,7002449.12,4031757.4,20387991.05,-18961853.41,15980058.39,19564526.96,11786430.59,6631909.5,218278919.23,22.038,5.081,3.9530000000000003,1.9220000000000002,6.6814,128.086,43.843,4.4038,74.68128,2014.7292,377.65202,2553.05508,10.0,12.75994,0.32786899999999997,40.84022,1.5138500000000001,8.07622,1.19465,8.41614,3.49657,18.51951,32.91343,1.58369,2021-04-30,수산중공업,KOSPI,6060,5900,6430,5690,5355845,32270065870,327150087780,53985163,3.973770491803282,-0.3891891891891892,2530,2019-12-30,1525,2020-05-04,0.6027667984189723,0.9124985177865613,4.868077272727272,24.617128656126482,0.7200953557312253,2.107616304347826,5.07296976284585,131571285.30662054,11.162945750988142,1465.0,0.9015384615384604,44.0,27.0,43.0,27.0,63.0,73.0,62.0,81.0,339.0
430,017960,478319470.9,97788638.54,380530832.37,21980378.5,411665264.15,104490077.62,75727689.5,57379486.14,69432784.32,-65380701.7,21403052.66,36960924.65,84205975.5,72366094.44,488768596.77,25.382,18.395,16.554,13.102,24.9886,25.698,79.556,197.42243,1305.24336,8844.99495,1579.42649,9364.38069,180.0,13.4961,1.33829,10.30459,1.5206300000000001,8.51575,1.43629,15.99722,0.03164,5.80444,6.75411,1.18729,2021-04-30,한국카본,KOSPI,12850,13000,13300,12800,2362211,30857455150,564895727450,43960757,1.856936416184972,-0.23344947735191646,7830,2019-12-30,6920,2020-05-04,0.8837803320561941,1.3439028863346105,7.526052362707535,9.106993971902936,1.2693648531289912,0.027962809706257984,14.13802840357599,431964072.7520306,5.129849910600255,6890.0,0.8049065420560741,61.0,51.0,68.0,41.0,22.0,1.0,35.0,54.0,279.0
437,019170,487149865.2,112819609.23,374330255.97,27592495.0,197750767.0,76527204.72,7845515.55,5045736.92,20062347.35,-94957266.63,108654033.17,17407962.83,20054003.55,9350986.54,6650954655.44,38.699,3.967,1.72,1.163,2.3378,30.139,76.841,2.66416,90.65517,7283.55517,363.54718,3583.41583,100.0,103.06407,0.080645,1367.82054,17.02465,341.08365,34.60385,393.09245,17.8048,331.65221,711.257,33.63302,2021-04-30,신풍제약,KOSPI,69800,74200,75400,69500,3267387,232760443700,3698352302000,52984990,3.6259740259740214,-0.6474747474747479,7240,2019-12-30,19250,2020-05-04,2.658839779005525,45.26581664364641,906.8867765883978,3636.8156622928177,92.00609288674033,47.34011049723757,1045.1698428867403,17683822806.245857,881.810088743094,16700.0,2.0822942643391475,1.0,95.0,96.0,95.0,96.0,94.0,66.0,6.0,543.0
448,021240,3029023072.5,1539014181.3,1490008891.21,40662398.0,3237411475.09,2193497480.82,606438716.58,404710859.65,562839088.06,-323061319.16,-181553319.7,237634080.54,1149731974.58,560400075.07,5982183937.07,67.755,18.732,31.514,13.756,22.184,103.289,49.191,28.60021,5486.36482,20553.90833,7626.58528,43867.59063,1200.0,21.50372,1.6506189999999998,13.25103,3.53704,9.53244,1.65726,22.57771,1.61028,5.20311,10.67484,1.84783,2021-04-30,코웨이,KOSPI,66900,67000,67800,66800,316021,21267432900,4937194511100,73799619,1.1149999999999989,-0.27733934611048494,93100,2019-12-30,60000,2020-05-04,0.644468313641246,2.279510204081633,6.143355531686359,8.53986895810956,1.0680515574650913,1.0377744360902257,14.550618689581096,3855327993.8152523,3.353239527389903,61400.0,0.754299754299755,70.0,75.0,63.0,32.0,18.0,51.0,28.0,15.0,337.0
473,026890,249455755.16,68999004.66,180456750.5,20839087.5,174121760.92,67259808.71,30726458.61,19971060.39,32138857.18,-29767683.46,-2485320.0,31579685.4,34131576.61,25020072.13,324449556.5,38.628,17.647,11.757,8.491,46.5914,38.236,72.34,42.18082,469.58158,4731.32227,771.11959,4177.76836,90.0,17.34842,1.010101,18.97434,1.88319,11.55463,2.13272,11.759220000000001,0.46289,9.50585,12.96757,1.86335,2021-04-30,디피씨,KOSPI,14000,14250,14800,13500,3364776,47608828400,583494450000,41678175,1.393034825870646,-0.6088669950738916,5170,2019-12-30,10050,2020-05-04,1.943907156673114,3.6607465183752415,22.461127949709862,36.88435531914894,4.145809671179884,0.8998151837524179,22.858831914893617,630699814.8597679,18.478489845261123,10200.0,1.6451612903225825,4.0,84.0,87.0,71.0,72.0,49.0,42.0,44.0,409.0
478,027970,189544428.07,101773515.07,87770913.01,57562997.0,189516847.16,39938655.15,21056356.85,13282298.4,30733034.6,-11819436.9,-15069643.62,22259058.7,27684027.79,20206540.26,140860328.76,21.074,11.111,21.137,7.039,12.2701,115.954,46.306,6.85325,302.62543,1524.81468,700.22503,4317.97383,0.0,0.0,0.0,5.9479500000000005,1.1804700000000001,2.5705999999999998,0.41686,3.54922,0.07668000000000001,5.08814,6.97103,0.74326,2021-04-30,세하,KOSPI,2330,2290,2335,2240,1316707,3017252970,134121783010,57562997,1.1095238095238096,-0.4384449244060473,2490,2019-12-30,2100,2020-05-04,0.8433734939759037,0.9955771084337351,2.1679759036144577,5.016343373493977,0.3515686746987952,0.0646698795180723,2.993318072289157,118797867.62891567,4.291202409638554,2045.0,1.302547770700636,13.0,29.0,22.0,2.0,1.0,2.0,82.0,85.0,151.0
479,028050,4755575903.0,3173840385.0,1581735518.0,980000000.0,6749174145.0,672278746.0,361182672.0,252135563.0,44368719.0,73419555.0,70430800.0,20928563.0,410754092.0,348131028.0,2026623238.0,9.961,5.352,17.319,5.41,41.8565,200.656,33.261,38.55604,1288.26943,8166.82874,226.37102,34434.56196,0.0,0.0,0.0,10.28512,1.62242,58.53223,0.38479,124.08879,0.12716000000000002,4.93391,5.82144,0.30028000000000005,2021-04-30,삼성엔지니어링,KOSPI,17350,17150,18300,17100,5703039,100179745950,3400600000000,196000000,1.5630630630630649,-0.2673992673992669,19200,2019-12-30,11100,2020-05-04,0.578125,0.9379615625,33.83894546875,5.946084999999999,0.22245671875,0.073514375,71.73883171875,1171641559.46875,2.85241671875,11500.0,0.6534090909090905,87.0,28.0,10.0,80.0,5.0,3.0,82.0,35.0,295.0
481,028260,54331740265.75,21386258023.03,32945482242.71,18851450.6,30216118916.99,3365486131.08,857079813.53,1160650819.95,1267896575.7,-848355158.9,-616302340.12,983041937.86,1401087813.53,1480484259.72,24765243483.82,11.138,2.836,3.814,2.316,39.3124,64.914,60.638,9.07088,5467.59634,183093.52338,6694.71924,159546.47771,2300.0,36.64113,1.666667,25.23961,0.7537100000000001,20.61326,0.8649500000000001,26.58634,1.41744,17.67572,16.7278,0.8196,2021-04-30,삼성물산,KOSPI,136000,140500,140500,135000,707549,97088797000,25416643016000,186887081,1.3613613613613649,-0.23127035830618836,108500,2019-12-30,99900,2020-05-04,0.9207373271889401,0.6939689308755761,18.97939791705069,23.23905105069124,0.7963917511520738,1.3050899170506913,24.479035631336405,22802284092.475742,16.27469518894009,106000.0,1.0291262135922306,28.0,13.0,53.0,68.0,60.0,58.0,27.0,4.0,307.0
486,030000,2242463952.19,1226934683.11,1015529269.08,23008245.0,2747921881.02,1104456588.24,204917149.87,158280183.55,219474826.5,-111415204.13,-145404160.49,207011881.61,234895049.87,195758907.31,1990137309.9,40.192,7.457,16.109,7.042,23.1234,120.817,45.286,34.98425,1368.20474,9948.20607,1907.79285,23886.41012,840.0,54.04965,4.07767,15.05623,2.07073,10.79782,0.8624200000000001,11.44789,2.04226,8.47245,10.16627,0.72423,2021-04-30,제일기획,KOSPI,21950,22050,22050,21750,381402,8357932150,2525154888750,115041225,1.2761627906976711,-0.1559405940594062,24050,2019-12-30,17200,2020-05-04,0.7151767151767152,1.4809378794178796,7.722349438669439,10.767865114345115,0.6167827027027027,1.4605767983367985,8.187264365904365,1423299864.0449066,6.059298960498961,17700.0,0.6847195357833653,84.0,53.0,33.0,44.0,32.0,60.0,3.0,33.0,309.0
492,031430,1147454446.22,506237600.25,641216845.97,35700000.0,1325499683.99,743833732.67,33764331.58,50958180.1,104572082.13,-48968110.45,-33519309.9,65251765.27,97820167.58,61951590.72,1496661408.78,56.117,2.547,8.236,4.477,3.7514000000000003,78.95,55.882,3.35238,7131.25149,89513.98049,14645.94988,185644.21344,1100.0,15.42506,0.6811149999999999,22.6468,1.8041900000000002,11.02694,0.86994,17.67171,0.79812,15.30013,24.15856,1.12913,2021-04-30,신세계인터내셔날,KOSPI,205000,201500,211000,200000,145800,30228463500,1463700000000,7140000,0.9647058823529403,-0.362352941176471,219500,2019-12-30,212500,2020-05-04,0.9681093394077449,1.7466531890660595,10.675283599088838,21.924578587699315,0.8421970387243737,0.7726674259681094,17.10814749430524,1448931887.7710707,14.81219874715262,218000.0,0.7159277504105112,75.0,64.0,55.0,56.0,57.0,45.0,53.0,32.0,405.0
517,035420,17014238663.77,8759106628.56,8255132035.21,16481339.5,5304145900.39,5304145900.39,1215342457.28,844996977.15,1447212217.64,-2503202276.04,1192133678.98,687809036.68,1710620660.28,1639227999.91,46130025400.07,100.0,22.913,15.215,5.765,124.76,106.105,48.519,56.09372,6097.30789,49961.12421,8805.723,32273.66309,402.0,5.91551,0.137436,47.97199,5.85455,33.21703,9.06312,69.89163,5.24536,26.96683,28.14131,8.69698,2021-04-30,NAVER,KOSPI,359500,366000,366000,353500,1028215,368172293000,59052690502500,164263395,1.8065326633165824,-0.1887905604719763,186500,2019-12-30,199000,2020-05-04,1.0670241286863271,6.246946112600536,35.44337249329759,51.1872708310992,9.670567721179625,5.596925683646113,74.57605560321717,49221850158.78783,28.77425828418231,197500.0,1.6188524590163915,6.0,90.0,90.0,81.0,78.0,83.0,65.0,2.0,493.0
519,035720,11953970238.96,4526241211.44,7427729027.52,44300999.0,4156816120.72,4156816120.72,455855515.21,173359671.92,971096476.57,-1260695790.0,1305360309.73,787949665.34,722314473.21,409762006.06,31690380253.65,100.0,10.966,2.701,1.6760000000000002,10.5961,60.937,62.136,24.06206,355.295774,14646.59721,2217.05521,9490.190792,30.0,8.29039,0.038511,219.25395,5.31864,35.1367,8.20848,43.30368,62.64307,43.87338,77.3385,7.62371,2021-04-30,카카오,KOSPI,113500,117000,117000,113000,4405688,502063401000,50372356117500,443809305,0.6085790884718482,-0.7965949820788532,153500,2019-12-30,186500,2020-05-04,1.214983713355049,6.462060977198698,42.69051824104235,266.38997833876226,9.973169511400652,76.11030980456027,52.61326592833877,38503295878.213196,53.305442149837134,184000.0,1.4959349593495905,9.0,91.0,91.0,85.0,92.0,96.0,67.0,3.0,531.0
534,042700,326966868.04,69876325.24,257090542.8,12716420.5,257385897.66,110673786.99,66649466.31,50131485.36,37483996.93,11667327.54,-15095281.81,30042252.24,72782343.23,65374695.0,851304485.33,42.999,25.895,21.028,17.155,27.3413,27.18,78.629,985.51607,964.90363,5227.67181,721.47164,4954.02413,400.0,39.23984,2.209945,18.75835,3.46234,25.08761,3.6536,31.30205,0.21756000000000003,11.69658,13.02192,3.3075,2021-04-30,한미반도체,KOSPI,34450,34500,35650,33650,1534781,53064910950,1703892762650,49459877,4.491525423728809,-0.2632632632632633,8100,2019-12-30,7670,2020-05-04,0.9469135802469136,3.278536765432099,23.755798604938274,17.762536358024693,3.4596434567901238,0.20601051851851857,29.640336234567904,806111778.0840865,11.075650444444445,7830.0,0.8320935175345371,54.0,83.0,84.0,72.0,52.0,18.0,20.0,42.0,383.0
537,047040,9305916434.45,6628920363.57,2676996070.87,2078113190.0,8136705736.64,1000291061.31,558257521.37,282603723.43,408383333.99,47138751.06,-419032999.57,396704382.04,685110521.37,436859938.16,3301805256.2,12.294,6.861,11.058,2.974,23.5949,247.625,28.767,5.34036,682.85832,6508.94535,982.58203,19577.14762,0.0,0.0,0.0,7.3002,0.76587,5.07337,0.25463,5.22273,2.35134,4.81938,7.55804,0.40579000000000004,2021-04-30,대우건설,KOSPI,7390,7610,7660,7280,10263174,76418751920,3071451294820,415622638,2.1174785100286537,-0.34146341463414653,4740,2019-12-30,3490,2020-05-04,0.7362869198312236,0.5639000632911393,3.735455970464135,5.375041772151899,0.1874807383966245,1.7312608860759493,3.845427784810127,2431076021.970042,3.5484464556962023,3560.0,0.6953124999999991,82.0,5.0,5.0,18.0,2.0,68.0,82.0,24.0,262.0
540,047810,5159070657.35,3924790737.69,1234279919.66,487375535.0,2825136012.82,331885938.44,139524243.36,72313949.88,732407852.81,-353336704.63,216496622.78,479453916.3,273868616.36,99804954.02,2842939303.25,11.748,4.939,6.385,1.518,3.6179,317.982,23.924,6.45826,765.5218,12263.96475,7513.79378,28983.15375,200.0,26.12597,0.7751939999999999,33.7025,2.10372,3.43368,0.8901700000000001,5.24525,1.04244,10.38067,28.48495,1.0063,2021-04-30,한국항공우주,KOSPI,32600,32750,33350,32550,487059,15982871800,3177688488200,97475107,1.3668763102725348,-0.1925925925925931,34050,2019-12-30,23850,2020-05-04,0.7004405286343612,1.4735307488986784,2.4050886343612334,23.60659691629956,0.6235111453744494,0.7301672246696036,3.6739856828193838,1991309908.4438326,7.271041982378855,25650.0,0.7256011315417265,72.0,52.0,34.0,3.0,61.0,44.0,49.0,28.0,315.0
549,053690,218683633.46,89884233.22,128799400.24,5478775.0,232573115.28,81150210.3,16500753.18,10364661.95,25660033.47,-22449469.06,2414391.65,24231259.73,23697019.18,14317440.12,103123688.14,34.892,7.095,7.837,4.909,17.1911,69.786,58.898,30.47776,848.97504,12664.7607,2341.76741,21224.91937,300.0,30.38332,2.870813,12.30896,0.8251200000000001,4.46244,0.49235000000000007,4.72557,12.52501,4.35176,7.20266,0.4434,2021-04-30,한미글로벌,KOSPI,11900,12350,12350,11750,328832,3943247500,130394845000,10957550,1.5101522842639594,-0.2080378250591014,9600,2019-12-30,7880,2020-05-04,0.8208333333333333,0.677286,3.6629194999999997,10.103604666666667,0.40413729166666673,10.280945708333332,3.878905375,84647360.68158333,3.5720696666666663,7730.0,0.6692640692640688,85.0,11.0,25.0,17.0,28.0,88.0,9.0,90.0,263.0
560,064350,4197373871.0,2851222410.0,1346151461.0,545711465.0,2785326054.0,244501904.0,82061321.0,22409492.0,56422151.0,-75057389.0,-21648639.0,25874438.0,126261664.0,47800244.0,2503471429.6,8.778,2.946,2.836,0.541,11.9948,211.805,32.071,2.28096,325.42978,12492.60223,591.89512,29219.39126,0.0,0.0,0.0,52.85318,1.37681,29.0592,0.58865,63.36689,1.41996,19.82764,52.37361,0.8988100000000001,2021-04-30,현대로템,KOSPI,20150,20500,20650,20100,1355342,27524154100,2199217203950,109142293,1.141643059490084,-0.2702702702702702,15600,2019-12-30,17650,2020-05-04,1.1314102564102564,1.5577369551282052,32.877876923076926,59.79862993589744,0.6660046474358974,1.6065573076923079,71.69394926282051,2832453252.079487,22.433195256410254,18000.0,0.8391608391608403,52.0,56.0,38.0,79.0,82.0,63.0,82.0,21.0,452.0
562,066570,48204227000.0,30662102000.0,17542125000.0,904169000.0,63262046000.0,16316943000.0,3194987000.0,2063790000.0,4628576000.0,-2314521000.0,-993875000.0,2346711000.0,5837886000.0,2726803000.0,27992409179.6,25.793,5.05,13.225,4.435,13.5252,174.791,36.391,8.70166,10884.7568,85732.48318,25595.74508,349835.28467,1200.0,11.02142,0.8888889999999999,12.40267,1.57467,5.27431,0.3859,10.40288,2.76772,4.79496,10.26565,0.44248000000000004,2021-04-30,LG전자,KOSPI,157500,164000,165500,157000,1601686,256243079500,25774530705000,163647814,2.8532608695652133,-0.24054054054054053,72100,2019-12-30,55200,2020-05-04,0.7656033287101248,1.2055725936199722,4.038029292649099,9.495525436893205,0.2954463245492372,2.1189756449375867,7.964479556171983,21431081646.517612,3.6710373370319,54900.0,0.71484375,76.0,42.0,18.0,20.0,25.0,74.0,44.0,5.0,299.0
564,068270,5047695702.04,1592540899.88,3455154802.16,134997805.0,1849115532.11,1021193459.84,712106830.46,519232380.26,350746671.97,-471983443.24,265988484.87,263738514.99,891456864.46,652462646.51,49500861897.6,55.226,38.511,16.683,11.614,15.3671,46.092,68.45,94.90526,3716.747986,24441.23798,2549.706682,13441.901509,0.0,0.0,0.0,96.589814,14.68829,140.800506,26.707531,187.251041,9.985313,55.52805,75.86773,26.77002,2021-04-30,셀트리온,KOSPI,266000,270000,273000,265000,698855,187024700500,36629111848000,137703428,1.30712530712531,-0.3407682775712514,181000,2019-12-30,203500,2020-05-04,1.1243093922651934,16.51418240331492,158.30333133149173,108.59683507734808,30.027527947513814,11.226581190607735,210.5281041077348,55654283956.693924,62.430708149171274,210500.0,1.016908212560386,30.0,94.0,94.0,93.0,88.0,89.0,82.0,1.0,570.0
586,077500,379977750.28,143296165.58,236681584.71,13653612.5,402809427.3,37257822.29,9010532.06,20521129.59,8794688.87,-109259.87,428772.87,8233933.97,12167766.06,25372599.45,410556247.05,9.249,2.237,10.796,5.625,5.9301,60.544,62.288,7.86377,877.74395,8610.04268,322.55618,14773.53819,125.0,13.95666,0.8503400000000001,16.74748,1.70731,45.57346,0.9950200000000001,48.67714,0.48615,33.7413,16.18109,1.01923,2021-04-30,유니퀘스트,KOSPI,10600,10700,10850,10500,154835,1646409000,289676535000,27327975,1.701444622792935,-0.3653250773993809,6670,2019-12-30,6230,2020-05-04,0.9340329835082459,1.5946838530734635,42.5671148125937,15.642698710644678,0.9293814992503749,0.4540801349325338,45.466054302848576,383473076.33006,31.51548710644678,6250.0,0.8840169731258849,45.0,58.0,59.0,84.0,47.0,32.0,46.0,56.0,371.0
587,077970,809261679.46,542790927.72,266470751.74,69140755.0,586695267.86,55163359.75,14343662.49,20647152.86,57388056.38,30207957.72,-38595894.27,48243952.83,27920183.49,28713372.26,315350099.35,9.402,2.445,8.194,2.5220000000000002,3.8084,203.696,32.928,1.15761,746.56232,9638.3229,2075.04446,21213.80031,0.0,0.0,0.0,9.75136,0.7553200000000001,3.50836,0.34317000000000003,4.17333,0.13549,11.2947,10.98269,0.5375,2021-04-30,STX엔진,KOSPI,15500,15300,16250,15250,466484,7342873200,356638012000,23008904,2.3809523809523823,-0.24752475247524797,6780,2019-12-30,6510,2020-05-04,0.9601769911504425,0.7252408849557523,3.3686465486725665,9.363031504424779,0.3295039380530974,0.13009438053097347,4.0071354424778765,302791909.5528761,10.844911061946904,6370.0,0.8702185792349727,47.0,16.0,21.0,15.0,24.0,7.0,82.0,62.0,212.0
596,081660,3758441248.8,1901113441.82,1857327806.99,61115070.0,3128805852.8,1544641398.4,341077884.28,197738719.1,445004105.9,-55171203.71,-134509388.82,405712540.72,441544370.28,374337965.65,3178938250.39,49.368,10.901,10.938,5.253,5.4039,102.357,49.418,9.37697,2286.30548,21506.24979,7317.9762,51452.39443,185.0,7.99666,0.42334099999999997,19.11381,2.03197,5.9716000000000005,0.84933,6.54992,0.62775,7.19959,8.49216,1.01602,2021-04-30,휠라홀딩스,KOSPI,45600,45950,46900,45550,527972,24400837450,2770301323200,60752222,1.3471196454948307,-0.3082191780821919,53000,2019-12-30,33850,2020-05-04,0.6386792452830189,1.2977770660377357,3.813936981132076,12.20759374528302,0.5424494433962265,0.40093089622641515,4.1832979622641515,2030321882.5604057,4.59822870754717,34800.0,0.4322981366459617,94.0,48.0,32.0,19.0,35.0,29.0,58.0,27.0,315.0
598,082740,723300346.06,529172496.8,194127849.26,32947142.0,829994723.29,53299818.9,20020539.46,6048165.32,83800097.94,3832186.79,-63284317.65,80943905.89,38249558.46,22478252.7,416288814.17,6.422,2.412,3.161,0.779,5.4235,272.59,26.839,1.4111,183.57177,5893.44174,2543.47093,25191.70626,0.0,0.0,0.0,45.75867,1.42531,3.3025700000000002,0.33344,3.41911,0.9558300000000001,10.88349,18.51963,0.50155,2021-04-30,HSD엔진,KOSPI,9950,9190,10000,9180,7153361,69953910350,403964248900,40599422,3.0335365853658565,-0.32626262626262625,4470,2019-12-30,3280,2020-05-04,0.7337807606263982,1.0458650559284117,2.423362326621924,33.57683167785235,0.24467185682326623,0.7013696644295302,2.5088771364653244,305464722.70192397,7.986095570469798,3410.0,0.8378378378378363,53.0,30.0,13.0,4.0,69.0,42.0,82.0,61.0,293.0
599,083420,176839792.65,63603656.0,113236136.65,12000000.0,242398001.12,23202845.98,14708305.93,10340154.23,33026228.48,6817331.45,-21714011.57,29641263.9,30768965.2,13128030.37,237033937.21,9.572,6.068,9.327,5.687,9.7261,56.169,64.033,19.2505,430.83976,4854.66969,1376.09285,10099.91671,210.0,47.3645,2.106319,23.14085,2.05369,7.24515,0.9871400000000001,8.07253,0.38544,7.70367,18.05556,0.9778700000000001,2021-04-30,그린케미칼,KOSPI,12450,12650,12850,12300,230075,2882521150,298800000000,24000000,3.429752066115703,-0.4142480211081797,3455,2019-12-30,3630,2020-05-04,1.0506512301013025,2.157711924746744,7.6121257597684515,24.312962518089726,1.0371398552821998,0.40496301013024605,8.481413574529668,249039997.7054414,8.093870361794501,3670.0,0.9865591397849449,32.0,72.0,62.0,42.0,62.0,30.0,21.0,64.0,321.0
624,092440,259583134.12,15480427.09,244102707.03,14600000.0,128459666.43,26303832.66,11356562.68,9775236.52,17158256.08,-4090688.72,-4638616.88,15113080.6,17928110.68,11493467.12,95234055.79,20.476,8.841,4.062,3.824,5.6146,6.342,94.036,245.65353,334.76837,8359.68175,587.61151,4399.30364,150.0,44.8071,2.504174,17.89297,0.7165300000000001,10.19381,1.36158,11.57329,4.67976,5.312,8.28593,0.7413500000000001,2021-04-30,기신정기,KOSPI,5210,5170,5230,5080,210361,1084522920,152132000000,29200000,1.6806451612903248,-0.1650602409638552,3775,2019-12-30,3100,2020-05-04,0.8211920529801324,0.5884087417218544,8.371075761589402,14.69356476821192,1.1181186754966888,3.8429817218543043,9.503893774834436,78205449.78781457,4.362172185430464,3085.0,0.7683686176836868,68.0,9.0,65.0,48.0,45.0,79.0,15.0,91.0,329.0
643,101530,621172370.38,357456830.45,263715539.93,14558411.0,563935121.1,210124376.29,33888094.7,27516351.58,38446683.07,70222992.16,-109879315.21,10359336.58,69532341.38,28483104.88,436645563.84,37.26,6.009,10.842,3.993,4.9586,135.546,42.454,4.07799,942.63467,9914.64488,1320.42855,19368.01761,200.0,19.32314,2.424242,8.75207,0.8321000000000001,6.2479700000000005,0.42596000000000006,23.18814,0.16081,6.27975,15.32998,0.7742800000000001,2021-04-30,해태제과식품,KOSPI,9680,9520,9730,9400,216532,2079777780,281850836960,29116822,1.3711048158640242,-0.16371220020855082,7180,2019-12-30,7060,2020-05-04,0.9832869080779945,0.8181930362116993,6.143547103064067,8.605795849582172,0.4188408913649026,0.1581223676880223,22.800594484679667,429347866.3942061,6.174795961002785,7070.0,0.6965517241379312,80.0,25.0,26.0,33.0,19.0,11.0,16.0,55.0,210.0
651,105630,1021055617.77,599703859.29,421351758.48,20000000.0,1698262209.45,220289667.9,64864260.3,35671962.99,50682930.52,-3561087.38,-30994401.35,20262959.32,102474431.3,75733305.76,926688608.38,12.971,3.819,10.966,3.242,11.9872,142.329,41.266,5.97101,1122.83729,10737.95743,1267.07326,42456.55524,500.0,43.68339,2.8571429999999998,15.58552,1.62973,13.81136,0.41219000000000006,34.54579,12.31768,9.04312,12.23621,0.5456700000000001,2021-04-30,한세실업,KOSPI,24400,23150,24850,22950,948183,22918937250,976000000000,40000000,2.159292035398233,-0.27659574468085113,17300,2019-12-30,11300,2020-05-04,0.653179190751445,1.0645057225433525,9.021292947976878,10.180137341040462,0.26923393063583817,8.045652254335259,22.564591156069362,605293715.3002312,5.9067778034682075,11950.0,0.3950413223140491,95.0,31.0,14.0,51.0,30.0,85.0,10.0,45.0,316.0
656,111770,3038285285.38,1044287669.03,1993997616.35,22155734.0,2466374429.27,628334093.17,259688519.33,182425908.25,346090092.8,7284240.09,-128661311.5,256092109.48,343532438.33,263099774.54,1031317959.74,25.476,10.529,8.029,5.939,10.2823,52.372,65.629,15.51094,3332.36301,41828.44134,7810.39556,55659.95758,500.0,14.85355,1.577287,9.51277,0.7578600000000001,4.05869,0.5695300000000001,5.48503,0.88453,3.0021,3.91987,0.41815,2021-04-30,영원무역,KOSPI,43900,42650,44300,41950,266212,11546243250,1945273445200,44311468,1.6819923371647516,-0.3275613275613274,34250,2019-12-30,26100,2020-05-04,0.762043795620438,0.5775225109489052,3.0928995328467157,7.249147357664234,0.4340068029197081,0.674050598540146,4.179833080291971,785909452.5317956,2.2877316788321167,27150.0,0.7163588390501311,74.0,8.0,29.0,11.0,12.0,40.0,30.0,43.0,204.0
661,118000,138292817.27,62166694.01,76126123.26,26780080.0,26895986.46,2462628.54,-2440808.36,11221115.17,3794995.86,-57487903.49,50169238.72,3704029.96,-2183895.36,15021162.59,153814188.935,9.156,-9.075,20.119,10.784,-36.4734,81.663,55.047,-0.66041,226.78284,1268.63537,76.484656,542.063876,0.0,0.0,0.0,11.147623,1.99276,33.053545,4.663821,33.865296,0.20144299999999998,-70.43112,10.23983,5.71885,2021-04-30,우리들휴브레인,KOSPI,2510,2570,2645,2465,3168037,8054231845,134436001600,53560160,0.8900709219858164,-0.6340033500837516,3565,2019-12-30,2820,2020-05-04,0.791023842917251,1.5763206732117812,26.14614218793829,8.818035584852733,3.689193610098177,0.1593462159887798,26.78825658345021,121670690.82656382,-55.71269520336606,2765.0,1.0573613766730412,22.0,57.0,86.0,76.0,20.0,12.0,82.0,83.0,355.0
665,122900,1110821080.03,693884810.29,416936269.74,18166670.0,2839411295.37,142753733.84,40515731.62,28799711.8,5188462.47,34788964.08,-55886060.7,1024335.88,59806116.95,39102084.81,115772327.45,5.028,1.427,5.873,2.609,14.7068,166.425,37.534,25.99413,598.83583,11485.07736,145.45796,79602.57339,600.0,88.38141,6.864989,14.59499,0.76099,60.08609,0.10980000000000001,304.34785,0.35736,1.9357900000000001,2.96077,0.04077,2021-04-30,아이마켓코리아,KOSPI,12200,13100,13350,12100,1351794,17127444900,407831848000,33428840,1.207920792079207,-0.304545454545455,10400,2019-12-30,10100,2020-05-04,0.9711538461538461,0.7390383653846154,58.35283740384615,14.173980673076922,0.10663269230769232,0.34705153846153847,295.5685850961538,112432741.08125,1.879949903846154,10150.0,1.04639175257732,25.0,18.0,1.0,88.0,43.0,25.0,1.0,87.0,201.0
695,161890,2489599417.11,1490357399.61,999242017.49,11440590.0,1322081317.66,426297137.03,121679126.84,160566240.91,121463641.01,245739981.65,-109533945.55,2288157.19,183417907.98,257497052.92,1911462911.38,32.244,9.204,29.272,6.567,3.9884,149.149,40.137,3.26409,7004.44415,27257.86802,5308.45179,57780.29445,345.0,4.92544,0.6778000000000001,7.26682,1.86735,9.58848,0.88092,508.99128,0.15717,10.42135,7.42324,1.4458,2021-04-30,한국콜마,KOSPI,55900,56800,56800,55800,279241,15695205900,1279057962000,22881180,1.338922155688624,-0.16561844863731645,47250,2019-12-30,41750,2020-05-04,0.8835978835978836,1.649986507936508,8.472360634920635,6.420946772486772,0.7783790476190476,0.13887507936507937,449.7436177777778,1688964583.071217,9.208282804232805,42700.0,0.5801630434782604,90.0,59.0,50.0,49.0,9.0,8.0,54.0,30.0,319.0
704,185750,946333120.17,394740342.28,551592777.89,27214212.5,1303005524.39,489139818.96,123935878.84,90404889.34,104323716.84,-63921092.96,7068802.46,71684237.29,147721446.84,124427168.06,2562297346.51,37.539,9.512,17.88,10.346,17.6868,71.564,58.287,32.01713,8019.601361,48589.41658,9130.300483,114037.654464,952.70355,11.79523,0.42062000000000005,28.243298,4.66151,24.807507,1.9861900000000001,36.102931,1.526697,17.34547,20.59275,1.96645,2021-04-30,종근당,KOSPI,139000,140000,146000,138500,270555,38344569000,1588227761000,11426099,1.4524555903866267,-0.4846743295019157,97000,2019-12-30,95700,2020-05-04,0.98659793814433,4.599036154639175,24.475035256701034,27.86477957319588,1.959570958762887,1.506236112371134,35.61907728556701,2527957278.979454,17.11300493814433,96500.0,0.9507389162561576,35.0,88.0,76.0,73.0,66.0,61.0,59.0,23.0,458.0
708,192820,1189042897.95,917142782.63,271900115.33,5024754.5,1382880688.52,210839293.17,66641426.85,-29053381.42,41459691.39,-64605594.45,50675397.11,-17499323.94,112461495.32,18837267.96,1509018623.43,15.246,4.819,6.23,-2.428,-2245.1265,337.309,22.867,3.32465,2082.031708,33405.02194,4037.758072,134678.707931,0.0,0.0,0.0,46.845412,2.91973,24.15539,0.7241900000000001,-57.229352,10.974574,13.41809,80.10815,1.09121,2021-04-30,코스맥스,KOSPI,121500,119000,123000,116500,342208,41434367500,1221015343500,10049509,1.4078794901506368,-0.257936507936508,79900,2019-12-30,86300,2020-05-04,1.0801001251564455,3.1536007384230285,26.090239762202753,50.597735364205256,0.7821977096370464,11.853638750938673,-61.813430257822276,1629891204.0301502,14.492880688360449,89000.0,0.6379928315412184,88.0,82.0,51.0,75.0,77.0,90.0,82.0,31.0,545.0
710,195870,383211976.36,151373191.56,231838784.8,85000000.0,458746167.57,75759590.55,43519674.57,29989719.98,44378902.2,-38756950.67,9753138.4,7628773.52,71257411.57,39135689.93,477367236.04,16.514,9.487,13.62,8.45,11.2062,65.292,60.499,27.60388,1764.10118,13637.57558,2610.52366,26985.06868,450.0,25.50874,1.844262,13.83141,1.78917,9.34678,0.9042,54.37309,1.7866,6.69919,12.19775,1.04059,2021-04-30,해성디에스,KOSPI,34850,34300,35000,33200,258165,8776006450,592450000000,17000000,2.3311036789297708,-0.23273657289002547,15800,2019-12-30,14950,2020-05-04,0.9462025316455697,1.6929171835443038,8.843946898734178,13.087315158227849,0.8555563291139241,1.6904854430379748,51.44795541139241,451686087.2656962,6.338790537974684,14800.0,0.9308176100628913,39.0,62.0,56.0,50.0,40.0,67.0,25.0,50.0,339.0
713,204320,4938346284.7,3228765245.94,1709581038.75,46957120.0,5563504491.65,669695587.74,88701330.63,13861437.6,430018641.49,-144437485.7,71390622.48,252433075.37,394496719.63,43147211.32,3909553766.45,12.037,1.5939999999999999,0.368,0.291,9.5945,188.863,34.618,1.972,123.28915,34970.25885,9157.68773,118480.53057,0.0,0.0,0.0,476.92761,1.6814300000000002,6.4208300000000005,0.49628000000000005,10.93786,72.54978,9.91023,90.60965,0.7027100000000001,2021-04-30,만도,KOSPI,58100,59000,59100,57000,645160,37406042900,2728208672000,46957120,2.5260869565217385,-0.27375000000000005,35200,2019-12-30,23000,2020-05-04,0.6534090909090909,1.0986616477272728,4.195428693181818,311.62883607954547,0.3242738636363637,47.40468579545455,7.146897159090909,2554537972.396307,6.475434375000001,23650.0,0.7049180327868851,79.0,34.0,20.0,22.0,93.0,95.0,82.0,22.0,425.0
717,213500,1739627806.89,1104806162.97,634821643.92,119013080.0,1509871173.05,300684227.02,94561342.52,59268596.92,125208594.09,-87837039.0,-33986278.77,60384236.55,186843342.52,91041343.85,1054006649.97,19.915,6.263,9.674,3.403,4.6693999999999996,174.034,36.492,4.93767,2490.00349,26697.65754,5260.28711,63432.99296,700.0,28.08366,5.054152,5.56224,0.5187700000000001,2.63294,0.21834,5.45948,0.49796,5.64112,11.57723,0.69808,2021-04-30,한솔제지,KOSPI,15600,16300,16600,15300,614924,9631860150,371288985600,23800576,0.9873417721518977,-0.2195121951219512,14450,2019-12-30,15800,2020-05-04,1.0934256055363323,0.5672364013840832,2.8789240138408307,6.081895640138409,0.23873854671280278,0.544482214532872,5.969535224913495,1152477859.4827683,6.168145051903115,15700.0,1.0397350993377497,26.0,6.0,12.0,8.0,7.0,35.0,2.0,37.0,96.0
763,317400,413286395.06,250743153.96,162543241.09,26782520.0,356212405.2,39368827.6,27342268.48,20910063.5,12971549.54,-97820556.92,58630223.04,11599113.68,32288321.48,26942681.76,349788792.11,11.052,7.676,13.592,6.045,25.6245,154.262,39.329,15.55928,717.614688,5578.33871,445.171982,12224.891261,137.87282,19.21265,1.179437,16.289691,2.09556,26.25888,0.9562269999999999,29.365898,15.650743,10.83329,12.9827,0.9819700000000001,2021-04-30,자이에스앤디,KOSPI,11500,11650,12000,11400,853755,9992902500,307998980000,26782520,2.5330396475770955,-0.25886524822695045,5710,2019-12-30,4540,2020-05-04,0.7950963222416813,1.6661720490367775,20.87833891418564,12.951873404553416,0.7602925709281961,12.443848199649738,23.348717499124344,278115782.168021,8.613509036777582,4700.0,0.7679738562091495,69.0,60.0,46.0,69.0,39.0,91.0,39.0,63.0,413.0
